df_author_name,df_author_url
['Mohammadreza Abbassi Monjezi'],['https://pureportal.coventry.ac.uk/en/persons/mohammadreza-abbassi-monjezi']
['Mohsen Abbaszadeh'],['https://pureportal.coventry.ac.uk/en/persons/mohsen-abbaszadeh']
['Meryem Abdelhafid'],['https://pureportal.coventry.ac.uk/en/persons/meryem-abdelhafid']
['Omar Khaled Abdelrahman'],['https://pureportal.coventry.ac.uk/en/persons/omar-khaled-abdelrahman']
['Mohamed Abdelshafy'],['https://pureportal.coventry.ac.uk/en/persons/mohamed-abdelshafy']
['Ali Mohamed Abdi'],['https://pureportal.coventry.ac.uk/en/persons/ali-mohamed-abdi']
['Mohamad Nazri Abd Karim'],['https://pureportal.coventry.ac.uk/en/persons/mohamad-nazri-abd-karim']
['Mohammed Abdulla'],['https://pureportal.coventry.ac.uk/en/persons/mohammed-abdulla']
['Mohammed Abdullahi'],['https://pureportal.coventry.ac.uk/en/persons/mohammed-abdullahi']
['Jackie Abell'],['https://pureportal.coventry.ac.uk/en/persons/jackie-abell']
['Rebecca Aberton'],['https://pureportal.coventry.ac.uk/en/persons/rebecca-aberton']
['Essam Abo-Serie'],['https://pureportal.coventry.ac.uk/en/persons/essam-abo-serie-abdelfatah']
['Btissam Aboubichr'],['https://pureportal.coventry.ac.uk/en/persons/btissam-aboubichr']
['Omar Abou Hamdan'],['https://pureportal.coventry.ac.uk/en/persons/omar-abou-hamdan']
['Siham Aboujanah'],['https://pureportal.coventry.ac.uk/en/persons/siham-aboujanah']
['Nacey Abraham'],['https://pureportal.coventry.ac.uk/en/persons/nacey-abraham']
['Jay Abrahams'],['https://pureportal.coventry.ac.uk/en/persons/jay-abrahams']
['Ahmad Abras'],['https://pureportal.coventry.ac.uk/en/persons/ahmad-abras']
['Habib Gajam Abubakar'],['https://pureportal.coventry.ac.uk/en/persons/habib-gajam-abubakar']
['Alim Abubakre'],['https://pureportal.coventry.ac.uk/en/persons/alim-abubakre']
['Aisha Abuelmaatti'],['https://pureportal.coventry.ac.uk/en/persons/aisha-abuelmaatti']
['Adam Abukari'],['https://pureportal.coventry.ac.uk/en/persons/adam-abukari']
['Anees Abu Monshar'],['https://pureportal.coventry.ac.uk/en/persons/anees-abu-monshar']
['Mohsen Abumuamar'],['https://pureportal.coventry.ac.uk/en/persons/mohsen-abumuamar']
['Pius Maduakonam Achuama'],['https://pureportal.coventry.ac.uk/en/persons/pius-maduakonam-achuama']
['Joseph Esuman Acquaah'],['https://pureportal.coventry.ac.uk/en/persons/joseph-esuman-acquaah']
['Elijah Acquah-Andoh'],['https://pureportal.coventry.ac.uk/en/persons/elijah-acquah-andoh']
['Gbenga Adamolekun'],['https://pureportal.coventry.ac.uk/en/persons/gbenga-adamolekun']
['Arinola Adefila'],['https://pureportal.coventry.ac.uk/en/persons/arinola-adefila']
['Abiodun Adegbile'],['https://pureportal.coventry.ac.uk/en/persons/abiodun-adegbile']
['Amanda R A Adegboye'],['https://pureportal.coventry.ac.uk/en/persons/amanda-r-a-adegboye']
['Janneke Adema'],['https://pureportal.coventry.ac.uk/en/persons/janneke-adema']
['Amin Aden'],['https://pureportal.coventry.ac.uk/en/persons/amin-aden']
['Mohammed Aderemi Adepoju'],['https://pureportal.coventry.ac.uk/en/persons/mohammed-aderemi-adepoju']
['Kamilah Adetunji'],['https://pureportal.coventry.ac.uk/en/persons/kamilah-adetunji']
['Thomas Kayode Adeyemi'],['https://pureportal.coventry.ac.uk/en/persons/thomas-kayode-adeyemi']
['Mahalaxmi Adhikari Parajuli'],['https://pureportal.coventry.ac.uk/en/persons/mahalaxmi-adhikari-parajuli']
['Mahnoor Adil'],['https://pureportal.coventry.ac.uk/en/persons/mahnoor-adil']
['Frank Adom'],['https://pureportal.coventry.ac.uk/en/persons/frank-adom']
['Samrina Afzal'],['https://pureportal.coventry.ac.uk/en/persons/samrina-afzal']
['Olivia Agar'],['https://pureportal.coventry.ac.uk/en/persons/olivia-agar']
['Dami Agbato'],['https://pureportal.coventry.ac.uk/en/persons/dami-agbato']
['Daniel Aghanya'],['https://pureportal.coventry.ac.uk/en/persons/daniel-aghanya']
['Rishav Agrawal'],['https://pureportal.coventry.ac.uk/en/persons/rishav-agrawal']
['Lisa Aguado'],['https://pureportal.coventry.ac.uk/en/persons/lisa-aguado']
['Ismeil Ahamed'],['https://pureportal.coventry.ac.uk/en/persons/ismeil-ahamed']
['Bilal Ahmad'],['https://pureportal.coventry.ac.uk/en/persons/bilal-ahmad']
['Farhan Ahmad'],['https://pureportal.coventry.ac.uk/en/persons/farhan-ahmad']
['Mahmood Abdulsattar Ahmad Ahmad'],['https://pureportal.coventry.ac.uk/en/persons/mahmood-abdulsattar-ahmad-ahmad']
['Mohammadreza Abbassi Monjezi'],['https://pureportal.coventry.ac.uk/en/persons/mohammadreza-abbassi-monjezi']
['Mohsen Abbaszadeh'],['https://pureportal.coventry.ac.uk/en/persons/mohsen-abbaszadeh']
['Meryem Abdelhafid'],['https://pureportal.coventry.ac.uk/en/persons/meryem-abdelhafid']
['Omar Khaled Abdelrahman'],['https://pureportal.coventry.ac.uk/en/persons/omar-khaled-abdelrahman']
['Mohamed Abdelshafy'],['https://pureportal.coventry.ac.uk/en/persons/mohamed-abdelshafy']
['Ali Mohamed Abdi'],['https://pureportal.coventry.ac.uk/en/persons/ali-mohamed-abdi']
['Mohamad Nazri Abd Karim'],['https://pureportal.coventry.ac.uk/en/persons/mohamad-nazri-abd-karim']
['Mohammed Abdulla'],['https://pureportal.coventry.ac.uk/en/persons/mohammed-abdulla']
['Mohammed Abdullahi'],['https://pureportal.coventry.ac.uk/en/persons/mohammed-abdullahi']
['Jackie Abell'],['https://pureportal.coventry.ac.uk/en/persons/jackie-abell']
['Rebecca Aberton'],['https://pureportal.coventry.ac.uk/en/persons/rebecca-aberton']
['Essam Abo-Serie'],['https://pureportal.coventry.ac.uk/en/persons/essam-abo-serie-abdelfatah']
['Btissam Aboubichr'],['https://pureportal.coventry.ac.uk/en/persons/btissam-aboubichr']
['Omar Abou Hamdan'],['https://pureportal.coventry.ac.uk/en/persons/omar-abou-hamdan']
['Siham Aboujanah'],['https://pureportal.coventry.ac.uk/en/persons/siham-aboujanah']
['Nacey Abraham'],['https://pureportal.coventry.ac.uk/en/persons/nacey-abraham']
['Jay Abrahams'],['https://pureportal.coventry.ac.uk/en/persons/jay-abrahams']
['Ahmad Abras'],['https://pureportal.coventry.ac.uk/en/persons/ahmad-abras']
['Habib Gajam Abubakar'],['https://pureportal.coventry.ac.uk/en/persons/habib-gajam-abubakar']
['Alim Abubakre'],['https://pureportal.coventry.ac.uk/en/persons/alim-abubakre']
['Aisha Abuelmaatti'],['https://pureportal.coventry.ac.uk/en/persons/aisha-abuelmaatti']
['Adam Abukari'],['https://pureportal.coventry.ac.uk/en/persons/adam-abukari']
['Anees Abu Monshar'],['https://pureportal.coventry.ac.uk/en/persons/anees-abu-monshar']
['Mohsen Abumuamar'],['https://pureportal.coventry.ac.uk/en/persons/mohsen-abumuamar']
['Pius Maduakonam Achuama'],['https://pureportal.coventry.ac.uk/en/persons/pius-maduakonam-achuama']
['Joseph Esuman Acquaah'],['https://pureportal.coventry.ac.uk/en/persons/joseph-esuman-acquaah']
['Elijah Acquah-Andoh'],['https://pureportal.coventry.ac.uk/en/persons/elijah-acquah-andoh']
['Gbenga Adamolekun'],['https://pureportal.coventry.ac.uk/en/persons/gbenga-adamolekun']
['Arinola Adefila'],['https://pureportal.coventry.ac.uk/en/persons/arinola-adefila']
['Abiodun Adegbile'],['https://pureportal.coventry.ac.uk/en/persons/abiodun-adegbile']
['Amanda R A Adegboye'],['https://pureportal.coventry.ac.uk/en/persons/amanda-r-a-adegboye']
['Janneke Adema'],['https://pureportal.coventry.ac.uk/en/persons/janneke-adema']
['Amin Aden'],['https://pureportal.coventry.ac.uk/en/persons/amin-aden']
['Mohammed Aderemi Adepoju'],['https://pureportal.coventry.ac.uk/en/persons/mohammed-aderemi-adepoju']
['Kamilah Adetunji'],['https://pureportal.coventry.ac.uk/en/persons/kamilah-adetunji']
['Thomas Kayode Adeyemi'],['https://pureportal.coventry.ac.uk/en/persons/thomas-kayode-adeyemi']
['Mahalaxmi Adhikari Parajuli'],['https://pureportal.coventry.ac.uk/en/persons/mahalaxmi-adhikari-parajuli']
['Mahnoor Adil'],['https://pureportal.coventry.ac.uk/en/persons/mahnoor-adil']
['Frank Adom'],['https://pureportal.coventry.ac.uk/en/persons/frank-adom']
['Samrina Afzal'],['https://pureportal.coventry.ac.uk/en/persons/samrina-afzal']
['Olivia Agar'],['https://pureportal.coventry.ac.uk/en/persons/olivia-agar']
['Dami Agbato'],['https://pureportal.coventry.ac.uk/en/persons/dami-agbato']
['Daniel Aghanya'],['https://pureportal.coventry.ac.uk/en/persons/daniel-aghanya']
['Rishav Agrawal'],['https://pureportal.coventry.ac.uk/en/persons/rishav-agrawal']
['Lisa Aguado'],['https://pureportal.coventry.ac.uk/en/persons/lisa-aguado']
['Ismeil Ahamed'],['https://pureportal.coventry.ac.uk/en/persons/ismeil-ahamed']
['Bilal Ahmad'],['https://pureportal.coventry.ac.uk/en/persons/bilal-ahmad']
['Farhan Ahmad'],['https://pureportal.coventry.ac.uk/en/persons/farhan-ahmad']
['Mahmood Abdulsattar Ahmad Ahmad'],['https://pureportal.coventry.ac.uk/en/persons/mahmood-abdulsattar-ahmad-ahmad']
['Abdullahi Ahmed'],['https://pureportal.coventry.ac.uk/en/persons/abdullahi-ahmed']
['Hafiz Ahmed'],['https://pureportal.coventry.ac.uk/en/persons/ahmed-hafiz']
['Hany Ahmed'],['https://pureportal.coventry.ac.uk/en/persons/hany-ahmed']
['Mohammed Lawal Ahmed'],['https://pureportal.coventry.ac.uk/en/persons/mohammed-lawal-ahmed']
['Sarfraz Ahmed'],['https://pureportal.coventry.ac.uk/en/persons/sarfraz-ahmed']
['Tanveer Ahmed'],['https://pureportal.coventry.ac.uk/en/persons/tanveer-ahmed']
['Tanvir Ahmed'],['https://pureportal.coventry.ac.uk/en/persons/tanvir-ahmed']
['Zahoor Ahmed'],['https://pureportal.coventry.ac.uk/en/persons/zahoor-ahmed']
['Sarah Nnenna Aideyan'],['https://pureportal.coventry.ac.uk/en/persons/sarah-nnenna-aideyan']
['Nurudeen Aigoro'],['https://pureportal.coventry.ac.uk/en/persons/nurudeen-aigoro']
['Olubunmi Ajala'],['https://pureportal.coventry.ac.uk/en/persons/olubunmi-ajala']
['Michael Ajao-Olarinoye'],['https://pureportal.coventry.ac.uk/en/persons/michael-ajao-olarinoye']
['Toluwanimi Akaehomen'],['https://pureportal.coventry.ac.uk/en/persons/toluwanimi-akaehomen']
['Emre Akgun'],['https://pureportal.coventry.ac.uk/en/persons/emre-akgun']
['Sanam Akhavannasab'],['https://pureportal.coventry.ac.uk/en/persons/sanam-akhavannasab']
['Christiana Olajumoke Akintoye'],['https://pureportal.coventry.ac.uk/en/persons/christiana-olajumoke-akintoye']
['Josiah Akintunde'],['https://pureportal.coventry.ac.uk/en/persons/josiah-akintunde-2']
['Sule Akkoyunlu'],['https://pureportal.coventry.ac.uk/en/persons/sule-akkoyunlu']
['Daniel Akpan'],['https://pureportal.coventry.ac.uk/en/persons/daniel-akpan']
['Tega Akpobi'],['https://pureportal.coventry.ac.uk/en/persons/tega-akpobi']
['Michail Akritidis'],['https://pureportal.coventry.ac.uk/en/persons/michail-akritidis']
['Shahzad Alam'],['https://pureportal.coventry.ac.uk/en/persons/shahzad-alam']
['Saif Faris Ahmad Alatrash'],['https://pureportal.coventry.ac.uk/en/persons/saif-faris-ahmad-alatrash']
['Nahla Juma Khamis Al Balushi'],['https://pureportal.coventry.ac.uk/en/persons/nahla-juma-khamis-al-balushi']
['Ammar Al Bazi'],['https://pureportal.coventry.ac.uk/en/persons/ammar-al-bazi']
['Amna Mohammad Hassan Ibrahim Alblooshi'],['https://pureportal.coventry.ac.uk/en/persons/amna-mohammad-hassan-ibrahim-alblooshi']
['Reda Al-Bodour'],['https://pureportal.coventry.ac.uk/en/persons/reda-al-bodour']
['Robert Aldham'],['https://pureportal.coventry.ac.uk/en/persons/robert-aldham']
['Tim Aldsworth'],['https://pureportal.coventry.ac.uk/en/persons/tim-aldsworth']
['Svetlana Aleksandrova'],['https://pureportal.coventry.ac.uk/en/persons/svetlana-aleksandrova']
['Haitham Alfannah'],['https://pureportal.coventry.ac.uk/en/persons/haitham-alfannah']
['Kholoud Mashour S Al Garni'],['https://pureportal.coventry.ac.uk/en/persons/kholoud-mashour-s-al-garni']
['Salem Alhababsah'],['https://pureportal.coventry.ac.uk/en/persons/salem-alhababsah']
['Alaa Alhaj Ismail'],['https://pureportal.coventry.ac.uk/en/persons/alaa-alhaj-ismail']
['Hesham Ali'],['https://pureportal.coventry.ac.uk/en/persons/hesham-ali']
['Mustafa Ali'],['https://pureportal.coventry.ac.uk/en/persons/mustafa-ali']
['Rashid Ali'],['https://pureportal.coventry.ac.uk/en/persons/rashid-ali']
['Reza Ali'],['https://pureportal.coventry.ac.uk/en/persons/reza-ali']
['Taher Mabkhut Ali Al Junaibi'],['https://pureportal.coventry.ac.uk/en/persons/taher-mabkhut-ali-al-junaibi']
['Hajar Al-Kaddo'],['https://pureportal.coventry.ac.uk/en/persons/hajar-al-kaddo']
['Mabel Alkali'],['https://pureportal.coventry.ac.uk/en/persons/mabel-alkali']
['Khaled Al Khudir'],['https://pureportal.coventry.ac.uk/en/persons/khaled-al-khudir']
['Amira Iqbal Ali Al Lawati'],['https://pureportal.coventry.ac.uk/en/persons/amira-iqbal-ali-al-lawati']
['John Allen'],['https://pureportal.coventry.ac.uk/en/persons/john-allen']
['Laura Allen'],['https://pureportal.coventry.ac.uk/en/persons/laura-allen-2']
['Ashraf Al Mamari'],['https://pureportal.coventry.ac.uk/en/persons/ashraf-al-mamari']
['Sayeda Mubarak Ali Mubarak Almansoori'],['https://pureportal.coventry.ac.uk/en/persons/sayeda-mubarak-ali-mubarak-almansoori']
['Khulood Almarzooqi'],['https://pureportal.coventry.ac.uk/en/persons/khulood-almarzooqi']
['Suhaib Almarzooqi'],['https://pureportal.coventry.ac.uk/en/persons/suhaib-almarzooqi']
['Abdulla Rashed Sultan Bin Qaba Almheiri'],['https://pureportal.coventry.ac.uk/en/persons/abdulla-rashed-sultan-bin-qaba-almheiri']
['Tariq Al Montaser'],['https://pureportal.coventry.ac.uk/en/persons/tariq-al-montaser']
['Eman Abdulla Abdulrahman Abdulrahim Almulla'],['https://pureportal.coventry.ac.uk/en/persons/eman-abdulla-abdulrahman-abdulrahim-almulla']
['Khaled Nagi Hussin Alosaimi'],['https://pureportal.coventry.ac.uk/en/persons/khaled-nagi-hussin-alosaimi']
['Mansour Qubeissi'],['https://pureportal.coventry.ac.uk/en/persons/m-al-qubeissi']
['Yahya Mohammed Zahran Al Rawahi'],['https://pureportal.coventry.ac.uk/en/persons/yahya-mohammed-zahran-al-rawahi']
['Mohammad A M A H A A Alrefae'],['https://pureportal.coventry.ac.uk/en/persons/mohammad-a-m-a-h-a-a-alrefae']
['Raid Mohammed Saleh Al Rubaiey'],['https://pureportal.coventry.ac.uk/en/persons/raid-mohammed-saleh-al-rubaiey']
['Loai Alsaid'],['https://pureportal.coventry.ac.uk/en/persons/loai-alsaid']
['Farah Mahdi Yaseen Al-Sallami'],['https://pureportal.coventry.ac.uk/en/persons/farah-mahdi-yaseen-al-sallami-2']
['Sam Al-Samarraie'],['https://pureportal.coventry.ac.uk/en/persons/sam-al-samarraie']
['Sian Alsop'],['https://pureportal.coventry.ac.uk/en/persons/sian-alsop']
['Abdulrahman Al-Surmi'],['https://pureportal.coventry.ac.uk/en/persons/abdulrahman-al-surmi']
['Faisal Ali Al Yahyaee'],['https://pureportal.coventry.ac.uk/en/persons/faisal-ali-al-yahyaee']
['Eric Amaechi'],['https://pureportal.coventry.ac.uk/en/persons/eric-amaechi']
['Ambi Ambituuni'],['https://pureportal.coventry.ac.uk/en/persons/ambi-ambituuni']
['Misbah Ameen-Khan'],['https://pureportal.coventry.ac.uk/en/persons/misbah-ameen-khan-2']
['Kofi Amegashie'],['https://pureportal.coventry.ac.uk/en/persons/kofi-amegashie']
['Taz Amietszajew'],['https://pureportal.coventry.ac.uk/en/persons/taz-amietszajew']
['Shohel Amin'],['https://pureportal.coventry.ac.uk/en/persons/shohel-amin']
['Sam Amiri'],['https://pureportal.coventry.ac.uk/en/persons/sam-amiri']
['Mojtaba Ammari-Allahyari'],['https://pureportal.coventry.ac.uk/en/persons/mojtaba-ammari-allahyari']
['Isaac Amoako'],['https://pureportal.coventry.ac.uk/en/persons/isaac-amoako']
['Christabell Amoakoh'],['https://pureportal.coventry.ac.uk/en/persons/christabell-amoakoh']
['Daniel Amund'],['https://pureportal.coventry.ac.uk/en/persons/daniel-amund']
['Jessica An'],['https://pureportal.coventry.ac.uk/en/persons/xiaojue-an']
['Sunil Anandatheertha'],['https://pureportal.coventry.ac.uk/en/persons/sunil-anandatheertha']
['Rachid Anane'],['https://pureportal.coventry.ac.uk/en/persons/rachid-anane']
['Colin Anderson'],['https://pureportal.coventry.ac.uk/en/persons/colin-anderson']
['Daniel Anderson'],['https://pureportal.coventry.ac.uk/en/persons/daniel-anderson-2']
['Hannah Andrews'],['https://pureportal.coventry.ac.uk/en/persons/hannah-andrews']
['Panagiotis Andrikopoulos'],['https://pureportal.coventry.ac.uk/en/persons/panagiotis-andrikopoulos']
['Christopher Aniche'],['https://pureportal.coventry.ac.uk/en/persons/christopher-aniche']
['Babatunde Anifowose'],['https://pureportal.coventry.ac.uk/en/persons/babatunde-anifowose']
['Emmanuel Ejiofor Anike'],['https://pureportal.coventry.ac.uk/en/persons/emmanuel-ejiofor-anike']
['Sara Anisi'],['https://pureportal.coventry.ac.uk/en/persons/sara-anisi']
['Nancy Annan'],['https://pureportal.coventry.ac.uk/en/persons/nancy-annan-2']
['Ihechiluru Fortune Chinatu Anya'],['https://pureportal.coventry.ac.uk/en/persons/ihechiluru-fortune-chinatu-anya']
['Evangelos Symeon Apostolopoulos'],['https://pureportal.coventry.ac.uk/en/persons/evangelos-symeon-apostolopoulos']
['Lindsey Appleyard'],['https://pureportal.coventry.ac.uk/en/persons/lindsey-appleyard']
['Ana Carolina Araujo Lascano'],['https://pureportal.coventry.ac.uk/en/persons/ana-carolina-araujo-lascano']
['Oussama Arbouche'],['https://pureportal.coventry.ac.uk/en/persons/oussama-arbouche']
['Deji Aremu'],['https://pureportal.coventry.ac.uk/en/persons/deji-aremu']
['Balaji Aresh'],['https://pureportal.coventry.ac.uk/en/persons/balaji-aresh']
['Kiev Ariza'],['https://pureportal.coventry.ac.uk/en/persons/kiev-ariza']
['Anthony Armstrong'],['https://pureportal.coventry.ac.uk/en/persons/anthony-armstrong']
['Sylvester Arnab'],['https://pureportal.coventry.ac.uk/en/persons/sylvester-arnab']
['Sara Arouch'],['https://pureportal.coventry.ac.uk/en/persons/sara-arouch']
['Vipavinee Artpradid'],['https://pureportal.coventry.ac.uk/en/persons/vipavinee-artpradid']
['Ken Asare'],['https://pureportal.coventry.ac.uk/en/persons/ken-asare']
['Mike Ashford'],['https://pureportal.coventry.ac.uk/en/persons/mike-ashford']
['Folajimi Ashiru'],['https://pureportal.coventry.ac.uk/en/persons/folajimi-ashiru']
['Craig Ashley'],['https://pureportal.coventry.ac.uk/en/persons/craig-ashley']
['Patricia Ashman'],['https://pureportal.coventry.ac.uk/en/persons/patricia-ashman']
['Rjaa Jawad Ashraf'],['https://pureportal.coventry.ac.uk/en/persons/rjaa-jawad-ashraf']
['Farzana Aslam'],['https://pureportal.coventry.ac.uk/en/persons/farzana-aslam']
['Hussan Aslam'],['https://pureportal.coventry.ac.uk/en/persons/hussan-aslam']
['Muhammad Adnan Aslam'],['https://pureportal.coventry.ac.uk/en/persons/muhammad-adnan-aslam']
['Mujahid Asmal-Lee'],['https://pureportal.coventry.ac.uk/en/persons/mujahid-asmal-lee']
['Richard Aspinall'],['https://pureportal.coventry.ac.uk/en/persons/richard-aspinall']
['Taufiq Asyhari'],['https://pureportal.coventry.ac.uk/en/persons/taufiq-asyhari']
['Lauren Atkins'],['https://pureportal.coventry.ac.uk/en/persons/lauren-atkins']
['Samantha Atkins'],['https://pureportal.coventry.ac.uk/en/persons/samantha-atkins']
['Shalika Atlas'],['https://pureportal.coventry.ac.uk/en/persons/shalika-atlas']
['Vani Aul'],['https://pureportal.coventry.ac.uk/en/persons/vani-aul']
['Randhir Auluck'],['https://pureportal.coventry.ac.uk/en/persons/randhir-auluck']
['Kristin Aune'],['https://pureportal.coventry.ac.uk/en/persons/kristin-aune']
['Elicia Austin'],['https://pureportal.coventry.ac.uk/en/persons/elicia-austin']
['Stephen Austin'],['https://pureportal.coventry.ac.uk/en/persons/stephen-austin']
['Soroush Avakh Darestani'],['https://pureportal.coventry.ac.uk/en/persons/soroush-avakh-darestani']
['Melissa Avdeeff'],['https://pureportal.coventry.ac.uk/en/persons/melissa-avdeeff']
['Simone Salvatore Aveni'],['https://pureportal.coventry.ac.uk/en/persons/simone-salvatore-aveni']
['Kenny Awuson - David'],['https://pureportal.coventry.ac.uk/en/persons/kenny-awuson-david']
['Mark Axon'],['https://pureportal.coventry.ac.uk/en/persons/mark-axon']
['Haseeb Ayaz'],['https://pureportal.coventry.ac.uk/en/persons/haseeb-ayaz']
['Rami Ayoubi'],['https://pureportal.coventry.ac.uk/en/persons/rami-ayoubi']
['Rana Aytug'],['https://pureportal.coventry.ac.uk/en/persons/rana-aytug']
['Hoor Ayub'],['https://pureportal.coventry.ac.uk/en/persons/hoor-ayub']
['Evronia Azer'],['https://pureportal.coventry.ac.uk/en/persons/evronia-azer']
['Farzaneh Azizsafaei'],['https://pureportal.coventry.ac.uk/en/persons/farzaneh-azizsafaei']
['Maryam Azizsafaei'],['https://pureportal.coventry.ac.uk/en/persons/maryam-azizsafaei']
['Zaneta Azuma'],['https://pureportal.coventry.ac.uk/en/persons/zaneta-azuma']
['Gbolahan Olusegun Babalola'],['https://pureportal.coventry.ac.uk/en/persons/gbolahan-olusegun-babalola']
['Abiola Babatunde'],['https://pureportal.coventry.ac.uk/en/persons/abiola-babatunde']
['Echekwumemchukwu Emmanuel Badifu'],['https://pureportal.coventry.ac.uk/en/persons/echekwumemchukwu-emmanuel-badifu']
['Amar Baga'],['https://pureportal.coventry.ac.uk/en/persons/amar-baga']
['Meghdad Bagheri'],['https://pureportal.coventry.ac.uk/en/persons/meghdad-bagheri']
['Mohammadreza Bagheri'],['https://pureportal.coventry.ac.uk/en/persons/mohammadreza-bagheri']
['Nim Bahia'],['https://pureportal.coventry.ac.uk/en/persons/nim-bahia']
['Witold Bahr'],['https://pureportal.coventry.ac.uk/en/persons/witold-bahr']
['Mingwen Bai'],['https://pureportal.coventry.ac.uk/en/persons/mingwen-bai']
['Anthony Bailey'],['https://pureportal.coventry.ac.uk/en/persons/anthony-bailey']
['Elizabeth Bailey'],['https://pureportal.coventry.ac.uk/en/persons/elizabeth-bailey']
['Katrin Bain'],['https://pureportal.coventry.ac.uk/en/persons/katrin-bain']
['Narinder Bains'],['https://pureportal.coventry.ac.uk/en/persons/narinder-bains']
['Adam Baird'],['https://pureportal.coventry.ac.uk/en/persons/adam-baird']
['Stuart Baird'],['https://pureportal.coventry.ac.uk/en/persons/stuart-baird']
['Hannah Baker'],['https://pureportal.coventry.ac.uk/en/persons/hannah-baker']
['Ali Alperen Bakir'],['https://pureportal.coventry.ac.uk/en/persons/ali-alperen-bakir']
['Senthooran Balasubramaniam'],['https://pureportal.coventry.ac.uk/en/persons/senthooran-balasubramaniam']
['Ken Baldwin'],['https://pureportal.coventry.ac.uk/en/persons/ken-baldwin']
['Laurence Baldwin'],['https://pureportal.coventry.ac.uk/en/persons/laurence-baldwin']
['Lindsay Balfour'],['https://pureportal.coventry.ac.uk/en/persons/lindsay-balfour']
['Jane Ball'],['https://pureportal.coventry.ac.uk/en/persons/jane-ball']
['Kirstie Ball'],['https://pureportal.coventry.ac.uk/en/persons/kirstie-ball-2']
['Brandon Ballard'],['https://pureportal.coventry.ac.uk/en/persons/brandon-ballard']
['Daniel Babalola Bammeke'],['https://pureportal.coventry.ac.uk/en/persons/daniel-babalola-bammeke']
['Mahsa Baniasadi'],['https://pureportal.coventry.ac.uk/en/persons/mahsa-baniasadi-2']
['Frano Barbic'],['https://pureportal.coventry.ac.uk/en/persons/frano-barbic']
['Vicky Barclay'],['https://pureportal.coventry.ac.uk/en/persons/vicky-barclay-2']
['Victoria Barker'],['https://pureportal.coventry.ac.uk/en/persons/victoria-barker-2']
['Jennifer Barnes-Hill'],['https://pureportal.coventry.ac.uk/en/persons/jennifer-barnes-hill']
['Kate Barnett-Richards'],['https://pureportal.coventry.ac.uk/en/persons/kate-barnett-richards-2']
['Hazel Barrett'],['https://pureportal.coventry.ac.uk/en/persons/hazel-barrett']
['Lorraine Barron'],['https://pureportal.coventry.ac.uk/en/persons/lorraine-barron']
['Craig Bartle'],['https://pureportal.coventry.ac.uk/en/persons/craig-bartle']
['James Bartlett'],['https://pureportal.coventry.ac.uk/en/persons/james-bartlett']
['Bahar Baser Ozturk'],['https://pureportal.coventry.ac.uk/en/persons/bahar-baser-ozturk']
['Mahdi Bashiri'],['https://pureportal.coventry.ac.uk/en/persons/mahdi-bashiri']
['Simran Basi'],['https://pureportal.coventry.ac.uk/en/persons/simran-basi']
['Muhammad Lahandi Baskoro'],['https://pureportal.coventry.ac.uk/en/persons/muhammad-lahandi-baskoro']
['Tom Bason'],['https://pureportal.coventry.ac.uk/en/persons/tom-bason']
['Tina Bass'],['https://pureportal.coventry.ac.uk/en/persons/tina-bass']
['Enobong Bassey'],['https://pureportal.coventry.ac.uk/en/persons/enobong-bassey']
['Christophe Bastien'],['https://pureportal.coventry.ac.uk/en/persons/christophe-bastien']
['Richard Bateman'],['https://pureportal.coventry.ac.uk/en/persons/richard-bateman']
['Ian Bates'],['https://pureportal.coventry.ac.uk/en/persons/ian-bates']
['Felix Batsch'],['https://pureportal.coventry.ac.uk/en/persons/felix-batsch']
['Jhonny Ismael Bautista Quispe'],['https://pureportal.coventry.ac.uk/en/persons/jhonny-ismael-bautista-quispe']
['Balki Begumhan Bayhan'],['https://pureportal.coventry.ac.uk/en/persons/balki-begumhan-bayhan']
['Imogen Baylis'],['https://pureportal.coventry.ac.uk/en/persons/imogen-baylis']
['Lisa Bayliss-Pratt'],['https://pureportal.coventry.ac.uk/en/persons/lisa-bayliss-pratt']
['Amr Bayoumy'],['https://pureportal.coventry.ac.uk/en/persons/amr-bayoumy']
['Marcus Beale'],['https://pureportal.coventry.ac.uk/en/persons/marcus-beale']
['David Beauchamp'],['https://pureportal.coventry.ac.uk/en/persons/david-beauchamp']
['Jayne Beaufoy'],['https://pureportal.coventry.ac.uk/en/persons/jayne-beaufoy-2']
['Martin Beck'],['https://pureportal.coventry.ac.uk/en/persons/martin-beck']
['Rebecca Beech'],['https://pureportal.coventry.ac.uk/en/persons/rebecca-beech-3']
['Nik Beer'],['https://pureportal.coventry.ac.uk/en/persons/nik-beer']
['Ty Beetseh'],['https://pureportal.coventry.ac.uk/en/persons/ty-beetseh']
['Jason Begley'],['https://pureportal.coventry.ac.uk/en/persons/jason-begley']
['David Bek'],['https://pureportal.coventry.ac.uk/en/persons/david-bek']
['Fatima Zohra Souad Belalem'],['https://pureportal.coventry.ac.uk/en/persons/fatima-zohra-belalem']
['Renato Belindro Belindro'],['https://pureportal.coventry.ac.uk/en/persons/renato-belindro-belindro']
['Lauren Bell'],['https://pureportal.coventry.ac.uk/en/persons/lauren-bell']
['Jaliyyah Bello'],['https://pureportal.coventry.ac.uk/en/persons/jaliyyah-bello']
['Macarena Beltran'],['https://pureportal.coventry.ac.uk/en/persons/macarena-beltran']
['Stephen Benjamin'],['https://pureportal.coventry.ac.uk/en/persons/stephen-benjamin']
['Peter Benko'],['https://pureportal.coventry.ac.uk/en/persons/peter-benko']
['James Bennett'],['https://pureportal.coventry.ac.uk/en/persons/james-bennett']
['Jason Bennett'],['https://pureportal.coventry.ac.uk/en/persons/jason-bennett']
['Matthew Bennett'],['https://pureportal.coventry.ac.uk/en/persons/matthew-bennett']
['Kamal Bentahar'],['https://pureportal.coventry.ac.uk/en/persons/kamal-bentahar']
['Ikram Berkani'],['https://pureportal.coventry.ac.uk/en/persons/ikram-berkani']
['Nigel Berkeley'],['https://pureportal.coventry.ac.uk/en/persons/nigel-berkeley']
['Darren Berkland'],['https://pureportal.coventry.ac.uk/en/persons/darren-berkland']
['Eryn Berman-Roberts'],['https://pureportal.coventry.ac.uk/en/persons/eryn-berman-roberts']
['Ishak Adel H E Berrebbah'],['https://pureportal.coventry.ac.uk/en/persons/ishak-adel-h-e-berrebbah']
['Daniel Best'],['https://pureportal.coventry.ac.uk/en/persons/daniel-best']
['Katerina Beta'],['https://pureportal.coventry.ac.uk/en/persons/katerina-beta']
['Gary Betts'],['https://pureportal.coventry.ac.uk/en/persons/gary-betts']
['Mike Betts'],['https://pureportal.coventry.ac.uk/en/persons/mike-betts']
['Rohit Bhagat'],['https://pureportal.coventry.ac.uk/en/persons/rohit-bhagat']
['Romit Bhandari'],['https://pureportal.coventry.ac.uk/en/persons/romit-bhandari']
['Dalvir Bhangal'],['https://pureportal.coventry.ac.uk/en/persons/dalvir-bhangal']
['Satveer Bhella'],['https://pureportal.coventry.ac.uk/en/persons/satveer-bhella']
['Mohammad Rashed Alam Bhuiyan'],['https://pureportal.coventry.ac.uk/en/persons/mohammad-rashed-alam-bhuiyan']
['Liliane Binego'],['https://pureportal.coventry.ac.uk/en/persons/liliane-binego']
['Elena Bini'],['https://pureportal.coventry.ac.uk/en/persons/elena-bini']
['Ijhar Rusli'],['https://pureportal.coventry.ac.uk/en/persons/ijhar-rusli']
['Dzariff Bin Zainal Abidin'],['https://pureportal.coventry.ac.uk/en/persons/dzariff-bin-zainal-abidin']
['Bob Bird'],['https://pureportal.coventry.ac.uk/en/persons/bob-bird']
['Stewart Birrell'],['https://pureportal.coventry.ac.uk/en/persons/stewart-birrell']
['Natalie Louise Bisal'],['https://pureportal.coventry.ac.uk/en/persons/natalie-louise-bisal']
['Rui Biscaia'],['https://pureportal.coventry.ac.uk/en/persons/rui-biscaia']
['Jess Bishop'],['https://pureportal.coventry.ac.uk/en/persons/jess-bishop']
['Lucy Bishop'],['https://pureportal.coventry.ac.uk/en/persons/lucy-bishop']
['Daniel Bisig'],['https://pureportal.coventry.ac.uk/en/persons/daniel-bisig']
['Nel Black'],['https://pureportal.coventry.ac.uk/en/persons/nel-black']
['Matthew Blackett'],['https://pureportal.coventry.ac.uk/en/persons/matthew-blackett']
['Joel Blackledge'],['https://pureportal.coventry.ac.uk/en/persons/joel-blackledge']
['Hetty Blades'],['https://pureportal.coventry.ac.uk/en/persons/hetty-blades']
['Rob Blakey'],['https://pureportal.coventry.ac.uk/en/persons/rob-blakey']
['Kirsty Blewitt'],['https://pureportal.coventry.ac.uk/en/persons/kirsty-blewitt']
['Will Blewitt'],['https://pureportal.coventry.ac.uk/en/persons/will-blewitt']
['James Blundell'],['https://pureportal.coventry.ac.uk/en/persons/james-blundell']
['Mike Blundell'],['https://pureportal.coventry.ac.uk/en/persons/mike-blundell']
['Joshua Bluteau'],['https://pureportal.coventry.ac.uk/en/persons/joshua-bluteau']
['Patricia Ann Sexton Bluteau'],['https://pureportal.coventry.ac.uk/en/persons/patricia-ann-sexton-bluteau']
['Kwabena Appiah Boakye'],['https://pureportal.coventry.ac.uk/en/persons/kwabena-appiah-boakye']
['Richard Boczko'],['https://pureportal.coventry.ac.uk/en/persons/richard-boczko']
['Benjamin Bogdanovic'],['https://pureportal.coventry.ac.uk/en/persons/benjamin-bogdanovic']
['Adam Bogg'],['https://pureportal.coventry.ac.uk/en/persons/adam-bogg']
['Kelly Bogue'],['https://pureportal.coventry.ac.uk/en/persons/kelly-bogue']
['Anna Bogush'],['https://pureportal.coventry.ac.uk/en/persons/anna-bogush']
['Shadi Bokaee'],['https://pureportal.coventry.ac.uk/en/persons/shadi-bokaee']
['JC Botha'],['https://pureportal.coventry.ac.uk/en/persons/jc-botha']
['Willings Botha'],['https://pureportal.coventry.ac.uk/en/persons/willings-botha']
['Faouzi Bouali'],['https://pureportal.coventry.ac.uk/en/persons/faouzi-bouali']
['Alkiviadis Boulos'],['https://pureportal.coventry.ac.uk/en/persons/alkiviadis-boulos']
['M Brack'],['https://pureportal.coventry.ac.uk/en/persons/m-brack']
['Malcolm Bradbrook'],['https://pureportal.coventry.ac.uk/en/persons/malcolm-bradbrook']
['Simon Brake'],['https://pureportal.coventry.ac.uk/en/persons/simon-brake']
['Susan Bray'],['https://pureportal.coventry.ac.uk/en/persons/susan-bray']
['Dom Breadmore'],['https://pureportal.coventry.ac.uk/en/persons/dom-breadmore']
['Helen Breadmore'],['https://pureportal.coventry.ac.uk/en/persons/helen-breadmore']
['Carol Breen'],['https://pureportal.coventry.ac.uk/en/persons/carol-breen']
['Josh Brem-Wilson'],['https://pureportal.coventry.ac.uk/en/persons/josh-brem-wilson']
['James Brennan'],['https://pureportal.coventry.ac.uk/en/persons/james-brennan']
['Rita Ufuomanefe Bright Ononaye'],['https://pureportal.coventry.ac.uk/en/persons/rita-ufuomanefe-bright-ononaye']
['Alisson Vinicius Brito Lopes'],['https://pureportal.coventry.ac.uk/en/persons/alisson-vinicius-brito-lopes']
['Ian Brittain'],['https://pureportal.coventry.ac.uk/en/persons/ian-brittain']
['Aurelie Broeckerhoff'],['https://pureportal.coventry.ac.uk/en/persons/aurelie-broeckerhoff']
['Matthew Brolly'],['https://pureportal.coventry.ac.uk/en/persons/matthew-brolly']
['Katie Brooker'],['https://pureportal.coventry.ac.uk/en/persons/katie-brooker']
['Celine Jane Brookes Smith'],['https://pureportal.coventry.ac.uk/en/persons/celine-jane-brookes-smith']
['David Broom'],['https://pureportal.coventry.ac.uk/en/persons/david-broom']
['Kevin Broughton'],['https://pureportal.coventry.ac.uk/en/persons/kevin-broughton']
['Freddy Brown'],['https://pureportal.coventry.ac.uk/en/persons/freddy-brown']
['Geraldine Brown'],['https://pureportal.coventry.ac.uk/en/persons/geraldine-brown']
['Holly Brown'],['https://pureportal.coventry.ac.uk/en/persons/holly-brown']
['Jennifer Brown'],['https://pureportal.coventry.ac.uk/en/persons/jennifer-brown']
['Katherine Brown'],['https://pureportal.coventry.ac.uk/en/persons/katherine-brown']
['Sarah Brown'],['https://pureportal.coventry.ac.uk/en/persons/sarah-brown']
['Molly Browne'],['https://pureportal.coventry.ac.uk/en/persons/molly-browne']
['James Brusey'],['https://pureportal.coventry.ac.uk/en/persons/james-brusey']
['Jeremy Bryans'],['https://pureportal.coventry.ac.uk/en/persons/jeremy-bryans']
['Kimberley Buchan'],['https://pureportal.coventry.ac.uk/en/persons/kimberley-buchan']
['Kerry Buckingham-Ward'],['https://pureportal.coventry.ac.uk/en/persons/kerry-buckingham-ward']
['Steve Buckley'],['https://pureportal.coventry.ac.uk/en/persons/steve-buckley']
['Emma Buick'],['https://pureportal.coventry.ac.uk/en/persons/emma-buick']
['Kim Bul'],['https://pureportal.coventry.ac.uk/en/persons/kim-bul']
['Karen Bull'],['https://pureportal.coventry.ac.uk/en/persons/karen-bull']
['Lee Bunch'],['https://pureportal.coventry.ac.uk/en/persons/lee-bunch']
['Sara Burbi'],['https://pureportal.coventry.ac.uk/en/persons/sara-burbi']
['Everardt Burger'],['https://pureportal.coventry.ac.uk/en/persons/everardt-burger']
['M Burhan'],['https://pureportal.coventry.ac.uk/en/persons/m-burhan']
['Bernard Burke'],['https://pureportal.coventry.ac.uk/en/persons/bernie-burke']
['Joan Burke'],['https://pureportal.coventry.ac.uk/en/persons/joan-burke']
['Emma Burnett'],['https://pureportal.coventry.ac.uk/en/persons/emma-burnett-3']
['Amy Burrell'],['https://pureportal.coventry.ac.uk/en/persons/amy-burrell']
['Jonathan Burrows'],['https://pureportal.coventry.ac.uk/en/persons/jonathan-burrows']
['Michael Burrows'],['https://pureportal.coventry.ac.uk/en/persons/michael-burrows']
['Mary Burton'],['https://pureportal.coventry.ac.uk/en/persons/mary-burton']
['Joel Busher'],['https://pureportal.coventry.ac.uk/en/persons/joel-busher']
['Tinashe Bvirindi'],['https://pureportal.coventry.ac.uk/en/persons/tinashe-bvirindi']
['Maria Cable'],['https://pureportal.coventry.ac.uk/en/persons/maria-cable']
['Eko Nur Cahyo'],['https://pureportal.coventry.ac.uk/en/persons/eko-nur-cahyo']
['Rui Cai'],['https://pureportal.coventry.ac.uk/en/persons/rui-cai']
['Lorena Caires Moreira'],['https://pureportal.coventry.ac.uk/en/persons/lorena-caires-moreira-2']
['Lucy Cairns'],['https://pureportal.coventry.ac.uk/en/persons/lucy-cairns']
['Emma Calcutt'],['https://pureportal.coventry.ac.uk/en/persons/emma-calcutt']
['Joanne Callaghan'],['https://pureportal.coventry.ac.uk/en/persons/joanne-callaghan']
['Ellen Calteau'],['https://pureportal.coventry.ac.uk/en/persons/ellen-calteau']
['Carol Campion'],['https://pureportal.coventry.ac.uk/en/persons/carol-campion']
['Dongmei Cao'],['https://pureportal.coventry.ac.uk/en/persons/dongmei-cao']
['Grace Cappy'],['https://pureportal.coventry.ac.uk/en/persons/grace-cappy']
['Kassim Caratella'],['https://pureportal.coventry.ac.uk/en/persons/kassim-caratella']
['Lara Carballo'],['https://pureportal.coventry.ac.uk/en/persons/lara-carballo']
['Fabio Carbone'],['https://pureportal.coventry.ac.uk/en/persons/fabio-carbone']
['Nicola Kate Cardenas Blanco'],['https://pureportal.coventry.ac.uk/en/persons/nicola-kate-cardenas-blanco']
['Solene Margueret Cargill'],['https://pureportal.coventry.ac.uk/en/persons/solene-margueret-cargill']
['Joanne Carlier'],['https://pureportal.coventry.ac.uk/en/persons/joanne-carlier']
['Pascal Carlucci'],['https://pureportal.coventry.ac.uk/en/persons/pascal-carlucci']
['Kate Carr-Fanning'],['https://pureportal.coventry.ac.uk/en/persons/kate-carr-fanning']
['Julia Carroll'],['https://pureportal.coventry.ac.uk/en/persons/julia-carroll']
['Grace Carter'],['https://pureportal.coventry.ac.uk/en/persons/grace-carter']
['Jonathan Carter'],['https://pureportal.coventry.ac.uk/en/persons/jonathan-carter']
['Steve Carter'],['https://pureportal.coventry.ac.uk/en/persons/steve-carter']
['Paul Cartlidge'],['https://pureportal.coventry.ac.uk/en/persons/paul-cartlidge']
['Anna Cartwright'],['https://pureportal.coventry.ac.uk/en/persons/anna-cartwright']
['Paul Cashian'],['https://pureportal.coventry.ac.uk/en/persons/paul-cashian']
['Daniel Castro-Fresno'],['https://pureportal.coventry.ac.uk/en/persons/daniel-castro-fresno']
['Jade Catterson'],['https://pureportal.coventry.ac.uk/en/persons/jade-catterson']
['Kathryn Megan Cawley'],['https://pureportal.coventry.ac.uk/en/persons/kathryn-megan-cawley']
['Jacqueline Cawston'],['https://pureportal.coventry.ac.uk/en/persons/jacqueline-cawston-2']
['Mateja Celestina'],['https://pureportal.coventry.ac.uk/en/persons/mateja-celestina']
['Tiziana Cervi-Wilson'],['https://pureportal.coventry.ac.uk/en/persons/tiziana-cervi-wilson']
['Fiona Chaffin'],['https://pureportal.coventry.ac.uk/en/persons/fiona-chaffin']
['Lindsey Chambers'],['https://pureportal.coventry.ac.uk/en/persons/lindsey-chambers-2']
['Marina Chang'],['https://pureportal.coventry.ac.uk/en/persons/marina-chang']
['Kuo-Ming Chao'],['https://pureportal.coventry.ac.uk/en/persons/kuo-ming-chao']
['Dennis Chapman'],['https://pureportal.coventry.ac.uk/en/persons/dennis-chapman']
['Maxine Chapman'],['https://pureportal.coventry.ac.uk/en/persons/maxine-chapman']
['Michael Jahi Chappell'],['https://pureportal.coventry.ac.uk/en/persons/michael-jahi-chappell']
['Ioannis Chapsos'],['https://pureportal.coventry.ac.uk/en/persons/ioannis-chapsos']
['Erica Charalambous'],['https://pureportal.coventry.ac.uk/en/persons/erica-charalambous']
['Maria Charalampous'],['https://pureportal.coventry.ac.uk/en/persons/maria-charalampous']
['Oliver Peter Charles'],['https://pureportal.coventry.ac.uk/en/persons/oliver-peter-charles']
['Sarah Jane Charles'],['https://pureportal.coventry.ac.uk/en/persons/sarah-jane-charles']
['Sue Charlesworth'],['https://pureportal.coventry.ac.uk/en/persons/sue-charlesworth']
['Chris Charlton'],['https://pureportal.coventry.ac.uk/en/persons/chris-charlton']
['Marian Chatoro'],['https://pureportal.coventry.ac.uk/en/persons/marian-chatoro']
['Rupinderjit Cheema'],['https://pureportal.coventry.ac.uk/en/persons/rupinderjit-cheema']
['Junyuan Chen'],['https://pureportal.coventry.ac.uk/en/persons/junyuan-chen']
['Yu-Hua Chen'],['https://pureportal.coventry.ac.uk/en/persons/yu-hua-chen-chen']
['Yung-Fang Chen'],['https://pureportal.coventry.ac.uk/en/persons/yung-fang-chen']
['Cheng Cheng'],['https://pureportal.coventry.ac.uk/en/persons/cheng-cheng']
['Niki Cheong'],['https://pureportal.coventry.ac.uk/en/persons/niki-cheong']
['Sariya Cheruvallil-Contractor'],['https://pureportal.coventry.ac.uk/en/persons/sariya-cheruvallil-contractor']
['Mehul Chhatbar'],['https://pureportal.coventry.ac.uk/en/persons/mehul-chhatbar']
['TC Chiang'],['https://pureportal.coventry.ac.uk/en/persons/tc-chiang']
['Hillary Chindodo'],['https://pureportal.coventry.ac.uk/en/persons/hillary-chindodo']
['Anitha Chinnaswamy'],['https://pureportal.coventry.ac.uk/en/persons/anitha-chinnaswamy']
['Danielle Nicole Chippett'],['https://pureportal.coventry.ac.uk/en/persons/danielle-nicole-chippett']
['Gabriela Chitroceanu'],['https://pureportal.coventry.ac.uk/en/persons/gabriela-chitroceanu']
['Reason Chivaka'],['https://pureportal.coventry.ac.uk/en/persons/reason-chivaka']
['Ravinder Cholia'],['https://pureportal.coventry.ac.uk/en/persons/ravinder-cholia']
['Graham Chorlton'],['https://pureportal.coventry.ac.uk/en/persons/graham-chorlton']
['Kubra Choudhry'],['https://pureportal.coventry.ac.uk/en/persons/kubra-choudhry']
['Jesper Christensen'],['https://pureportal.coventry.ac.uk/en/persons/jesper-christensen']
['Matej Christiaens'],['https://pureportal.coventry.ac.uk/en/persons/matej-christiaens']
['Stavros Christopoulos'],['https://pureportal.coventry.ac.uk/en/persons/stavros-christopoulos']
['Alexander Chroneos'],['https://pureportal.coventry.ac.uk/en/persons/alexander-chroneos']
['Chigozile Nnamdi Chuku'],['https://pureportal.coventry.ac.uk/en/persons/chigozile-nnamdi-chuku']
['Kemi Chukwuma-Nwuba'],['https://pureportal.coventry.ac.uk/en/persons/kemi-chukwuma-nwuba']
['Rosamaria Kostic Cisneros'],['https://pureportal.coventry.ac.uk/en/persons/rosamaria-kostic-cisneros']
['Priscilla Claeys'],['https://pureportal.coventry.ac.uk/en/persons/priscilla-claeys']
['Michelle Clare'],['https://pureportal.coventry.ac.uk/en/persons/michelle-clare']
['Cain Clark'],['https://pureportal.coventry.ac.uk/en/persons/cain-clark']
['Neil Clarke'],['https://pureportal.coventry.ac.uk/en/persons/neil-clarke']
['Samantha Clarke'],['https://pureportal.coventry.ac.uk/en/persons/samantha-clarke']
['Andrew Clements'],['https://pureportal.coventry.ac.uk/en/persons/andrew-clements']
['Suzanne Clisby'],['https://pureportal.coventry.ac.uk/en/persons/suzanne-clisby']
['Thomas Cloake'],['https://pureportal.coventry.ac.uk/en/persons/thomas-cloake']
['Deanne Clouder'],['https://pureportal.coventry.ac.uk/en/persons/deanne-clouder']
['Jane Coad'],['https://pureportal.coventry.ac.uk/en/persons/jane-coad']
['Eoin Coakley'],['https://pureportal.coventry.ac.uk/en/persons/eoin-coakley']
['Thomas Cobb'],['https://pureportal.coventry.ac.uk/en/persons/thomas-cobb']
['Andrew Cobley'],['https://pureportal.coventry.ac.uk/en/persons/andrew-cobley']
['Luis Pedro Cobos Yelavives'],['https://pureportal.coventry.ac.uk/en/persons/luis-pedro-cobos-yelavives']
['Amanda Coleman'],['https://pureportal.coventry.ac.uk/en/persons/amanda-coleman']
['Andy Coleman'],['https://pureportal.coventry.ac.uk/en/persons/andy-coleman']
['Alistair Collins'],['https://pureportal.coventry.ac.uk/en/persons/alistair-collins']
['Charlotte Collins'],['https://pureportal.coventry.ac.uk/en/persons/charlotte-collins']
['Adam Collis'],['https://pureportal.coventry.ac.uk/en/persons/adam-collis']
['Zoe Connor'],['https://pureportal.coventry.ac.uk/en/persons/zoe-connor-2']
['Judith Conroy'],['https://pureportal.coventry.ac.uk/en/persons/judith-conroy']
['Emanuele Conte'],['https://pureportal.coventry.ac.uk/en/persons/emanuele-conte']
['David Cook'],['https://pureportal.coventry.ac.uk/en/persons/david-cook']
['Ellie Cook'],['https://pureportal.coventry.ac.uk/en/persons/eleanor-isabelle-cook-2']
['Faye Cook'],['https://pureportal.coventry.ac.uk/en/persons/faye-cook']
['Kathryn Cook'],['https://pureportal.coventry.ac.uk/en/persons/kathryn-cook']
['Gemma Coombe'],['https://pureportal.coventry.ac.uk/en/persons/gemma-coombe']
['Aaron Cooper'],['https://pureportal.coventry.ac.uk/en/persons/aaron-cooper']
['Simon Cooper'],['https://pureportal.coventry.ac.uk/en/persons/simon-cooper']
['Claire Corbey'],['https://pureportal.coventry.ac.uk/en/persons/claire-corbey']
['Stef Cormack'],['https://pureportal.coventry.ac.uk/en/persons/stef-cormack']
['Paul Corns'],['https://pureportal.coventry.ac.uk/en/persons/paul-corns']
['Maria Correia'],['https://pureportal.coventry.ac.uk/en/persons/maria-correia']
['Jennifer Cosgrave'],['https://pureportal.coventry.ac.uk/en/persons/jennifer-cosgrave']
['Ben Cotterill'],['https://pureportal.coventry.ac.uk/en/persons/ben-cotterill']
['Steve Coupe'],['https://pureportal.coventry.ac.uk/en/persons/steve-coupe']
['Bernard Matthew David Courts'],['https://pureportal.coventry.ac.uk/en/persons/bernard-matthew-david-courts']
['Stephen Cowden'],['https://pureportal.coventry.ac.uk/en/persons/stephen-cowden']
['Gordon Crawford'],['https://pureportal.coventry.ac.uk/en/persons/gordon-crawford']
['Megan Crawford'],['https://pureportal.coventry.ac.uk/en/persons/megan-crawford']
['Heaven Crawley'],['https://pureportal.coventry.ac.uk/en/persons/heaven-crawley']
['Marie-Louise Crawley'],['https://pureportal.coventry.ac.uk/en/persons/marie-louise-crawley']
['Gill Cressey'],['https://pureportal.coventry.ac.uk/en/persons/gill-cressey']
['Sue Cresswell'],['https://pureportal.coventry.ac.uk/en/persons/sue-cresswell']
['Michael Cribb'],['https://pureportal.coventry.ac.uk/en/persons/michael-cribb']
['Sarah Critten'],['https://pureportal.coventry.ac.uk/en/persons/sarah-critten']
['Mario Cuevas Henriquez'],['https://pureportal.coventry.ac.uk/en/persons/mario-cuevas-henriquez']
['Tom Cullen'],['https://pureportal.coventry.ac.uk/en/persons/tom-cullen']
['Oliver Curnick'],['https://pureportal.coventry.ac.uk/en/persons/oliver-curnick']
['David Curran'],['https://pureportal.coventry.ac.uk/en/persons/david-curran']
['Niall Curry'],['https://pureportal.coventry.ac.uk/en/persons/niall-curry']
['Funke Dacosta-Salu'],['https://pureportal.coventry.ac.uk/en/persons/funke-dacosta-salu']
['Katherine da Cunha Lewin'],['https://pureportal.coventry.ac.uk/en/persons/katherine-da-cunha-lewin']
['Adeboye Dada'],['https://pureportal.coventry.ac.uk/en/persons/adeboye-dada']
['Deneise Dadd'],['https://pureportal.coventry.ac.uk/en/persons/deneise-dadd']
['Jonathan Dale'],['https://pureportal.coventry.ac.uk/en/persons/jonathan-dale']
['Alexander David Francis Dallaway'],['https://pureportal.coventry.ac.uk/en/persons/alexander-david-francis-dallaway']
['Lee Matthew Daly'],['https://pureportal.coventry.ac.uk/en/persons/lee-daly']
['Matthew Danes'],['https://pureportal.coventry.ac.uk/en/persons/matthew-danes']
['Alireza Daneshkhah'],['https://pureportal.coventry.ac.uk/en/persons/alireza-daneshkhah']
['Amir Daneshvar'],['https://pureportal.coventry.ac.uk/en/persons/amir-daneshvar-daneshvar-hakimi-meibodi-2']
['QueAnh Dang'],['https://pureportal.coventry.ac.uk/en/persons/que-anh-dang']
['Sofya Danilova'],['https://pureportal.coventry.ac.uk/en/persons/sofya-danilova']
['Phuong Dong Dao'],['https://pureportal.coventry.ac.uk/en/persons/phuong-dong-dao']
['Ali Hossain Alewai Daraji'],['https://pureportal.coventry.ac.uk/en/persons/ali-hossain-alewai-daraji']
['Francis Darko'],['https://pureportal.coventry.ac.uk/en/persons/francis-darko']
['Amber Darr'],['https://pureportal.coventry.ac.uk/en/persons/amber-darr']
['Marwan Darweish'],['https://pureportal.coventry.ac.uk/en/persons/marwan-darweish']
['Richard Dashwood'],['https://pureportal.coventry.ac.uk/en/persons/richard-dashwood']
['Sanghamitra Datta'],['https://pureportal.coventry.ac.uk/en/persons/sanghamitra-datta']
['Ravi Dave'],['https://pureportal.coventry.ac.uk/en/persons/ravi-dave']
['Sarah Davey'],['https://pureportal.coventry.ac.uk/en/persons/sarah-davey']
['Elaine Davies'],['https://pureportal.coventry.ac.uk/en/persons/elaine-davies']
['Huw Davies'],['https://pureportal.coventry.ac.uk/en/persons/huw-davies']
['Joseph James Davies'],['https://pureportal.coventry.ac.uk/en/persons/joseph-james-davies']
['Rachael Davies'],['https://pureportal.coventry.ac.uk/en/persons/rachael-davies-2']
['Robert Davies'],['https://pureportal.coventry.ac.uk/en/persons/robert-davies']
['Siobhan Davies'],['https://pureportal.coventry.ac.uk/en/persons/siobhan-davies']
['Comfort Davis'],['https://pureportal.coventry.ac.uk/en/persons/comfort-davis']
['Joseph Davis'],['https://pureportal.coventry.ac.uk/en/persons/joseph-davis']
['Stephen Dawkins'],['https://pureportal.coventry.ac.uk/en/persons/stephen-dawkins']
['James Dawson'],['https://pureportal.coventry.ac.uk/en/persons/james-dawson']
['Mark Dawson'],['https://pureportal.coventry.ac.uk/en/persons/mark-dawson']
['Christopher Day'],['https://pureportal.coventry.ac.uk/en/persons/christopher-day']
['Mohammed Dayoub'],['https://pureportal.coventry.ac.uk/en/persons/mohammed-dayoub']
['James Dayus'],['https://pureportal.coventry.ac.uk/en/persons/james-dayus']
['Ana Margarida De Areia Soares'],['https://pureportal.coventry.ac.uk/en/persons/ana-margarida-de-areia-soares']
['Giuseppe Deganutti'],['https://pureportal.coventry.ac.uk/en/persons/giuseppe-deganutti']
['Sara Degli-Esposti'],['https://pureportal.coventry.ac.uk/en/persons/sara-degli-esposti-2']
['Katharina Dehnen-Schmutz'],['https://pureportal.coventry.ac.uk/en/persons/katharina-dehnen-schmutz']
['Scott Delahunta'],['https://pureportal.coventry.ac.uk/en/persons/scott-delahunta']
['Charo del Genio'],['https://pureportal.coventry.ac.uk/en/persons/charo-del-genio']
['Akin Delibasi'],['https://pureportal.coventry.ac.uk/en/persons/akin-delibasi']
['Arnaldo Delli-Carri'],['https://pureportal.coventry.ac.uk/en/persons/arn-delli-carri']
['Tereso del Rio Almajano'],['https://pureportal.coventry.ac.uk/en/persons/tereso-del-rio-almajano']
['Ayse Demir'],['https://pureportal.coventry.ac.uk/en/persons/ayse-demir']
['Emily Demosthenous'],['https://pureportal.coventry.ac.uk/en/persons/emily-demosthenous']
['Clair Dempsey'],['https://pureportal.coventry.ac.uk/en/persons/clair-dempsey']
['Stephanie Denning'],['https://pureportal.coventry.ac.uk/en/persons/stephanie-denning']
['Francesca Denton'],['https://pureportal.coventry.ac.uk/en/persons/francesca-denton']
['Sally Denton'],['https://pureportal.coventry.ac.uk/en/persons/sally-denton']
['Karan Derekar'],['https://pureportal.coventry.ac.uk/en/persons/karan-derekar']
['Pedro Miguel de Sousa Santos'],['https://pureportal.coventry.ac.uk/en/persons/pedro-miguel-de-sousa-santos']
['Tiphaine De Valon'],['https://pureportal.coventry.ac.uk/en/persons/tiphaine-de-valon']
['Ciaran Devane'],['https://pureportal.coventry.ac.uk/en/persons/ciaran-devane']
['John Devane'],['https://pureportal.coventry.ac.uk/en/persons/john-devane']
['Timothy Devenport'],['https://pureportal.coventry.ac.uk/en/persons/timothy-devenport']
['Nandu Devi'],['https://pureportal.coventry.ac.uk/en/persons/nandu-devi']
['Glauco De Vita'],['https://pureportal.coventry.ac.uk/en/persons/glauco-de-vita']
['Benjamin Dew'],['https://pureportal.coventry.ac.uk/en/persons/benjamin-dew']
['Micia De Wet'],['https://pureportal.coventry.ac.uk/en/persons/micia-de-wet']
['Alun DeWinter'],['https://pureportal.coventry.ac.uk/en/persons/alun-dewinter']
['Sunita Dewitt'],['https://pureportal.coventry.ac.uk/en/persons/sunita-dewitt']
['Sharan Dhadda'],['https://pureportal.coventry.ac.uk/en/persons/sharan-dhadda']
['Sunil Dhap'],['https://pureportal.coventry.ac.uk/en/persons/sunil-dhap']
['Sally Dibb'],['https://pureportal.coventry.ac.uk/en/persons/sally-dibb']
['Laura Di Chiacchio'],['https://pureportal.coventry.ac.uk/en/persons/laura-di-chiacchio']
['Alexander Diederich'],['https://pureportal.coventry.ac.uk/en/persons/alexander-diederich']
['Bastien Dieppois'],['https://pureportal.coventry.ac.uk/en/persons/bastien-dieppois']
['Elisavet Dimitrokali'],['https://pureportal.coventry.ac.uk/en/persons/elisavet-dimitrokali']
['Edward Djan'],['https://pureportal.coventry.ac.uk/en/persons/edward-djan']
['Aneesha Doal'],['https://pureportal.coventry.ac.uk/en/persons/aneesha-doal']
['Trang Doan'],['https://pureportal.coventry.ac.uk/en/persons/trang-doan']
['Dorota Dobrzanska'],['https://pureportal.coventry.ac.uk/en/persons/dorota-dobrzanska']
['Mike Dodd'],['https://pureportal.coventry.ac.uk/en/persons/mike-dodd']
['Pablo Domene'],['https://pureportal.coventry.ac.uk/en/persons/pablo-domene']
['Honglin Dong'],['https://pureportal.coventry.ac.uk/en/persons/honglin-dong']
['James Donnelly'],['https://pureportal.coventry.ac.uk/en/persons/james-donnelly']
['Valerie Doolan'],['https://pureportal.coventry.ac.uk/en/persons/valerie-doolan-2']
['Michelle Dorgan'],['https://pureportal.coventry.ac.uk/en/persons/michelle-dorgan']
['Lauren Doyle'],['https://pureportal.coventry.ac.uk/en/persons/lauren-doyle']
['Carol Drugan'],['https://pureportal.coventry.ac.uk/en/persons/carol-drugan']
['Les Duckers'],['https://pureportal.coventry.ac.uk/en/persons/les-duckers']
['Jennifer Dudley'],['https://pureportal.coventry.ac.uk/en/persons/jennifer-dudley']
['Dirk Dugdale Duwell'],['https://pureportal.coventry.ac.uk/en/persons/dirk-dugdale-duwell']
['Ignatius Andrew Duhu'],['https://pureportal.coventry.ac.uk/en/persons/ignatius-andrew-duhu']
['Yasin Duman'],['https://pureportal.coventry.ac.uk/en/persons/yasin-duman']
['Allison Duncan'],['https://pureportal.coventry.ac.uk/en/persons/allison-duncan']
['Michael Duncan'],['https://pureportal.coventry.ac.uk/en/persons/michael-duncan']
['Ian Dunwell'],['https://pureportal.coventry.ac.uk/en/persons/ian-dunwell']
['Hannelie Du Plessis-Walker'],['https://pureportal.coventry.ac.uk/en/persons/hannelie-du-plessis-walker']
['Ololade Durodola'],['https://pureportal.coventry.ac.uk/en/persons/ololade-durodola']
['Jaque Daniel Jon Simon Durrant'],['https://pureportal.coventry.ac.uk/en/persons/jaque-daniel-jon-simon-durrant']
['Adolphus Chukwunonso Duru'],['https://pureportal.coventry.ac.uk/en/persons/adolphus-chukwunonso-duru']
['Mark Dyer'],['https://pureportal.coventry.ac.uk/en/persons/mark-dyer']
['Ryan Jaromir Dziadowiec'],['https://pureportal.coventry.ac.uk/en/persons/ryan-jaromir-dziadowiec']
['Adam Eckley'],['https://pureportal.coventry.ac.uk/en/persons/adam-eckley']
['Jonathan Eden'],['https://pureportal.coventry.ac.uk/en/persons/jonathan-eden']
['Kate Edmondson'],['https://pureportal.coventry.ac.uk/en/persons/kate-edmondson']
['Karen Edwards'],['https://pureportal.coventry.ac.uk/en/persons/karen-edwards']
['Alloysius Egbulonu'],['https://pureportal.coventry.ac.uk/en/persons/alloysius-egbulonu']
['Ashem Egila'],['https://pureportal.coventry.ac.uk/en/persons/ashem-egila-2']
['Austine Ehibhatiomhan'],['https://pureportal.coventry.ac.uk/en/persons/austine-ehibhatiomhan']
['Odalo Micheal Ehi-uujamhan'],['https://pureportal.coventry.ac.uk/en/persons/odalo-micheal-ehi-uujamhan']
['Ahmad Ehsani'],['https://pureportal.coventry.ac.uk/en/persons/ahmad-ehsani']
['Bernice Ejiogu'],['https://pureportal.coventry.ac.uk/en/persons/bernice-ejiogu']
['Chibuzo Ejiogu'],['https://pureportal.coventry.ac.uk/en/persons/chibuzo-ejiogu']
['Karthikeyan Ekambaram'],['https://pureportal.coventry.ac.uk/en/persons/karthik-ekambaram']
['Job Ekolu'],['https://pureportal.coventry.ac.uk/en/persons/job-ekolu']
['Faris Elasha'],['https://pureportal.coventry.ac.uk/en/persons/faris-elasha']
['Laura Ellery'],['https://pureportal.coventry.ac.uk/en/persons/laura-ellery']
['Zac Elliott'],['https://pureportal.coventry.ac.uk/en/persons/zac-elliott']
['David Ellis'],['https://pureportal.coventry.ac.uk/en/persons/david-ellis']
['Fran Ellis'],['https://pureportal.coventry.ac.uk/en/persons/fran-ellis']
['Simon Ellis'],['https://pureportal.coventry.ac.uk/en/persons/simon-ellis']
['Basil Elmasri'],['https://pureportal.coventry.ac.uk/en/persons/dr-basil-elmasri-elmasri']
['Ahmed Elmasry'],['https://pureportal.coventry.ac.uk/en/persons/ahmed-elmasry']
['Ibrahim Elmghaamez'],['https://pureportal.coventry.ac.uk/en/persons/ibrahim-elmghaamez']
['Mark Elshaw'],['https://pureportal.coventry.ac.uk/en/persons/mark-elshaw']
['Olusegun Michael Eluyefa'],['https://pureportal.coventry.ac.uk/en/persons/olusegun-michael-eluyefa']
['Jen Elvy'],['https://pureportal.coventry.ac.uk/en/persons/jen-elvy']
['Ahmed Abdelmageed Saad Ahmed Elwakeel'],['https://pureportal.coventry.ac.uk/en/persons/ahmed-abdelmageed-saad-ahmed-elwakeel']
['Shirine El Zaatari'],['https://pureportal.coventry.ac.uk/en/persons/shirine-el-zaatari']
['Chikezie Emele'],['https://pureportal.coventry.ac.uk/en/persons/chikezie-emele']
['Gold Emmanuel'],['https://pureportal.coventry.ac.uk/en/persons/gold-emmanuel']
['Etieno Enang'],['https://pureportal.coventry.ac.uk/en/persons/etieno-enang']
['Iniobong Enang'],['https://pureportal.coventry.ac.uk/en/persons/iniobong-enang']
['Okeoghene Enebeli'],['https://pureportal.coventry.ac.uk/en/persons/okeoghene-enebeli-2']
['Ikenna Stanley Enebuse'],['https://pureportal.coventry.ac.uk/en/persons/ikenna-stanley-enebuse']
['Matthew England'],['https://pureportal.coventry.ac.uk/en/persons/matthew-england']
['Vicki Ensor'],['https://pureportal.coventry.ac.uk/en/persons/vicki-ensor']
['George Eremosele Eremionkhale'],['https://pureportal.coventry.ac.uk/en/persons/george-eremosele-eremionkhale']
['Sarah Erian'],['https://pureportal.coventry.ac.uk/en/persons/sarah-erian']
['Engin Erken'],['https://pureportal.coventry.ac.uk/en/persons/engin-erken']
['Tugra Erol'],['https://pureportal.coventry.ac.uk/en/persons/tugra-erol']
['Azzouz Essamri'],['https://pureportal.coventry.ac.uk/en/persons/azzouz-essamri']
['Inimfon Essiet'],['https://pureportal.coventry.ac.uk/en/persons/inimfon-essiet']
['Martin Esugo'],['https://pureportal.coventry.ac.uk/en/persons/martin-esugo']
['Jason Etienne'],['https://pureportal.coventry.ac.uk/en/persons/jason-etienne']
['Steven Eustace'],['https://pureportal.coventry.ac.uk/en/persons/steven-eustace']
['Adrian Evans'],['https://pureportal.coventry.ac.uk/en/persons/adrian-evans']
['Adrienne Evans'],['https://pureportal.coventry.ac.uk/en/persons/ady-evans']
['Hala Evans'],['https://pureportal.coventry.ac.uk/en/persons/hala-evans']
['John Evans'],['https://pureportal.coventry.ac.uk/en/persons/john-evans']
['Mark Evans'],['https://pureportal.coventry.ac.uk/en/persons/mark-evans']
['Martin Evans'],['https://pureportal.coventry.ac.uk/en/persons/martin-evans']
['Shelley Evatt'],['https://pureportal.coventry.ac.uk/en/persons/shelley-evatt']
['Emma Eyre'],['https://pureportal.coventry.ac.uk/en/persons/emma-eyre']
['Ukpai Eze'],['https://pureportal.coventry.ac.uk/en/persons/ukpai-eze']
['Dumbiri Ezike'],['https://pureportal.coventry.ac.uk/en/persons/dumbiri-ezike']
['Obiora Ezike'],['https://pureportal.coventry.ac.uk/en/persons/obiora-ezike']
['Alessio Faccia'],['https://pureportal.coventry.ac.uk/en/persons/alessio-faccia']
['Leonardo Faedo'],['https://pureportal.coventry.ac.uk/en/persons/leonardo-faedo']
['Mahboobeh Fallah'],['https://pureportal.coventry.ac.uk/en/persons/mahboobeh-fallah']
['Stephen Fallows'],['https://pureportal.coventry.ac.uk/en/persons/stephen-fallows-2']
['Yueping Fang'],['https://pureportal.coventry.ac.uk/en/persons/yueping-fang']
['Majdi Fanous'],['https://pureportal.coventry.ac.uk/en/persons/majdi-fanous']
['Abunur Muslehuddin Faradhi'],['https://pureportal.coventry.ac.uk/en/persons/abunur-muslehuddin-faradhi']
['Masoumeh Faraji'],['https://pureportal.coventry.ac.uk/en/persons/masoumeh-faraji']
['Soroush Faramehr'],['https://pureportal.coventry.ac.uk/en/persons/soroush-faramehr']
['Miguel Farias'],['https://pureportal.coventry.ac.uk/en/persons/miguel-farias']
['Sebastien Farnaud'],['https://pureportal.coventry.ac.uk/en/persons/sebastien-farnaud']
['Michelle Farrell'],['https://pureportal.coventry.ac.uk/en/persons/michelle-farrell']
['Rachel Farrer'],['https://pureportal.coventry.ac.uk/en/persons/rachel-farrer']
['Alireza Fathollahi'],['https://pureportal.coventry.ac.uk/en/persons/alireza-fathollahi']
['Bushra Fatima'],['https://pureportal.coventry.ac.uk/en/persons/bushra-fatima']
['Xiang Fei'],['https://pureportal.coventry.ac.uk/en/persons/xiang-fei']
['Georges Félix'],['https://pureportal.coventry.ac.uk/en/persons/georges-felix']
['Lesley Ferguson'],['https://pureportal.coventry.ac.uk/en/persons/lesley-ferguson']
['Ken Fero'],['https://pureportal.coventry.ac.uk/en/persons/ken-fero']
['Teresa Ferraz-da-Silva'],['https://pureportal.coventry.ac.uk/en/persons/teresa-ferraz-da-silva']
['Carlos Ferreira'],['https://pureportal.coventry.ac.uk/en/persons/carlos-ferreira']
['Jennifer Ferreira'],['https://pureportal.coventry.ac.uk/en/persons/jennifer-ferreira']
['Elizabete Figueiredo Cardoso'],['https://pureportal.coventry.ac.uk/en/persons/elizabete-figueiredo-cardoso']
['Petros Panagis Filippatos'],['https://pureportal.coventry.ac.uk/en/persons/petros-panagis-filippatos']
['Peter Finkenbusch'],['https://pureportal.coventry.ac.uk/en/persons/peter-finkenbusch']
['Tom Fisher'],['https://pureportal.coventry.ac.uk/en/persons/tom-fisher']
['Michael Fishwick'],['https://pureportal.coventry.ac.uk/en/persons/michael-fishwick']
['Katie Fitton Davies'],['https://pureportal.coventry.ac.uk/en/persons/katie-fitton-davies']
['Michael Fitzpatrick'],['https://pureportal.coventry.ac.uk/en/persons/michael-fitzpatrick']
['Brónagh Fleming'],['https://pureportal.coventry.ac.uk/en/persons/br%C3%B3nagh-fleming']
['Joe Fleming'],['https://pureportal.coventry.ac.uk/en/persons/joe-fleming']
['Susanne Foellmer'],['https://pureportal.coventry.ac.uk/en/persons/susanne-foellmer']
['Omotola Folorunsho'],['https://pureportal.coventry.ac.uk/en/persons/omotola-folorunsho']
['Pam Fom'],['https://pureportal.coventry.ac.uk/en/persons/pam-fom']
['Mathias Foo'],['https://pureportal.coventry.ac.uk/en/persons/mathias-fui-lin']
['Beth Footitt'],['https://pureportal.coventry.ac.uk/en/persons/beth-footitt']
['Sarah Forbes-Robertson'],['https://pureportal.coventry.ac.uk/en/persons/sarah-forbes-robertson']
['Marveh Forghani'],['https://pureportal.coventry.ac.uk/en/persons/marveh-forghani']
['Damien Foster'],['https://pureportal.coventry.ac.uk/en/persons/damien-foster']
['Gemma Foster'],['https://pureportal.coventry.ac.uk/en/persons/gemma-foster']
['Rebecca Foster'],['https://pureportal.coventry.ac.uk/en/persons/rebecca-foster']
['Steve Foster'],['https://pureportal.coventry.ac.uk/en/persons/steve-foster']
['Steven Foster'],['https://pureportal.coventry.ac.uk/en/persons/steven-foster']
['Rebecca Fowler'],['https://pureportal.coventry.ac.uk/en/persons/rebecca-fowler']
['Andrew Frampton'],['https://pureportal.coventry.ac.uk/en/persons/andrew-frampton']
['Tizzie Frankish'],['https://pureportal.coventry.ac.uk/en/persons/tizzie-frankish']
['Alex Franklin'],['https://pureportal.coventry.ac.uk/en/persons/alex-franklin']
['Heather Fraser'],['https://pureportal.coventry.ac.uk/en/persons/heather-fraser']
['Karen Fraser'],['https://pureportal.coventry.ac.uk/en/persons/karen-fraser']
['Emzi Frater'],['https://pureportal.coventry.ac.uk/en/persons/emzi-frater']
['Jana Fried'],['https://pureportal.coventry.ac.uk/en/persons/jana-fried']
['Aidan Friend'],['https://pureportal.coventry.ac.uk/en/persons/aidan-friend-2']
['Pietro Paolo Frigenti'],['https://pureportal.coventry.ac.uk/en/persons/pietro-paolo-frigenti']
['Marwan Fuad'],['https://pureportal.coventry.ac.uk/en/persons/marwan-fuad']
['Patrick Fuller'],['https://pureportal.coventry.ac.uk/en/persons/patrick-fuller']
['David Luigi Fuschi'],['https://pureportal.coventry.ac.uk/en/persons/david-luigi-fuschi']
['Nikolaos Fytas'],['https://pureportal.coventry.ac.uk/en/persons/nikolaos-fytas']
['Tulika Gadakari'],['https://pureportal.coventry.ac.uk/en/persons/tulika-gadakari']
['Sandeep Gakhal'],['https://pureportal.coventry.ac.uk/en/persons/sandeep-gakhal']
['Cristina Galalae'],['https://pureportal.coventry.ac.uk/en/persons/cristina-galalae']
['Natalia Maria Galan Lopez'],['https://pureportal.coventry.ac.uk/en/persons/natalia-maria-galan-lopez']
['Yvonne Galea'],['https://pureportal.coventry.ac.uk/en/persons/yvonne-galea']
['Emilie Marianne Aurelie Gallier'],['https://pureportal.coventry.ac.uk/en/persons/emilie-marianne-aurelie-gallier']
['Carolina Gallo Granizo'],['https://pureportal.coventry.ac.uk/en/persons/carolina-gallo-granizo']
"['Alfred Gand, FHEA FFB A.M.ASCE']",['https://pureportal.coventry.ac.uk/en/persons/alfred-gand']
['Chanaka Ganepola'],['https://pureportal.coventry.ac.uk/en/persons/chanaka-ganepola']
['Sivasharmini Ganeshamoorthy'],['https://pureportal.coventry.ac.uk/en/persons/sivasharmini-ganeshamoorthy']
['Sivagayinee Gangatheepan'],['https://pureportal.coventry.ac.uk/en/persons/sivagayinee-gangatheepan']
['Lisa Ganobcsik-Williams'],['https://pureportal.coventry.ac.uk/en/persons/lisa-ganobcsik-williams']
['Runda Gao'],['https://pureportal.coventry.ac.uk/en/persons/runda-gao-2']
['Christopher Gardner'],['https://pureportal.coventry.ac.uk/en/persons/christopher-gardner']
['Sheena Gardner'],['https://pureportal.coventry.ac.uk/en/persons/sheena-gardner']
['Mahda Garmaki'],['https://pureportal.coventry.ac.uk/en/persons/mahda-garmaki']
['Mark Garner'],['https://pureportal.coventry.ac.uk/en/persons/mark-garner']
['Mark Garratt'],['https://pureportal.coventry.ac.uk/en/persons/mark-garratt']
['Bekim Gashi'],['https://pureportal.coventry.ac.uk/en/persons/bekim-gashi']
['Louise Claire Gates'],['https://pureportal.coventry.ac.uk/en/persons/louise-claire-gates']
['Paul Gaunt'],['https://pureportal.coventry.ac.uk/en/persons/paul-gaunt']
['Nitish Gaur'],['https://pureportal.coventry.ac.uk/en/persons/nitish-gaur']
['Elena Gaura'],['https://pureportal.coventry.ac.uk/en/persons/elena-gaura']
['Susan Gautrey'],['https://pureportal.coventry.ac.uk/en/persons/susan-gautrey']
['Zoe Gazeley-Eke'],['https://pureportal.coventry.ac.uk/en/persons/zoe-gazeley-eke']
['Lorraine Gearing'],['https://pureportal.coventry.ac.uk/en/persons/lorraine-gearing']
['Catherine George'],['https://pureportal.coventry.ac.uk/en/persons/catherine-george']
['Lenni George'],['https://pureportal.coventry.ac.uk/en/persons/lenni-george']
['Suresh George'],['https://pureportal.coventry.ac.uk/en/persons/suresh-george']
['Alex Edward Georgiou'],['https://pureportal.coventry.ac.uk/en/persons/alex-edward-georgiou']
['Simon Gerard'],['https://pureportal.coventry.ac.uk/en/persons/simon-gerard']
['Denis Gessert'],['https://pureportal.coventry.ac.uk/en/persons/denis-gessert']
['Rebwar Kamal Gharib'],['https://pureportal.coventry.ac.uk/en/persons/rebwar-kamal-gharib']
['Aysar Ghassan'],['https://pureportal.coventry.ac.uk/en/persons/aysar-ghassan']
['Seyedeh Hanieh Ghiasi Limanjoobi'],['https://pureportal.coventry.ac.uk/en/persons/seyedeh-hanieh-ghiasi-limanjoobi']
['Amrit Ghimire'],['https://pureportal.coventry.ac.uk/en/persons/amrit-ghimire']
['Michel Ghostin'],['https://pureportal.coventry.ac.uk/en/persons/michel-ghostin']
['Jinder Ghuman'],['https://pureportal.coventry.ac.uk/en/persons/jinder-ghuman']
['Gloria Giambartolomei'],['https://pureportal.coventry.ac.uk/en/persons/gloria-giambartolomei']
['Shannen Gibbons'],['https://pureportal.coventry.ac.uk/en/persons/shannen-gibbons']
['Ruth Gibson'],['https://pureportal.coventry.ac.uk/en/persons/ruth-gibson']
['Gabrielle Gilbert'],['https://pureportal.coventry.ac.uk/en/persons/gabrielle-gilbert']
['Holly Gilbert'],['https://pureportal.coventry.ac.uk/en/persons/holly-gilbert']
['Gary Gilkes'],['https://pureportal.coventry.ac.uk/en/persons/gary-gilkes']
['Rachael Hughson Gill'],['https://pureportal.coventry.ac.uk/en/persons/rachael-hughson-gill']
['Anna Teresa Malet Gillions'],['https://pureportal.coventry.ac.uk/en/persons/anna-teresa-malet-gillions']
['Evangelos Gkanas'],['https://pureportal.coventry.ac.uk/en/persons/evangelos-gkanas']
['Rebecca Gladwin-Geoghegan'],['https://pureportal.coventry.ac.uk/en/persons/rebecca-gladwin-geoghegan']
['Damien Gleadall-Siddall'],['https://pureportal.coventry.ac.uk/en/persons/damien-gleadall-siddall']
['Colby Glover'],['https://pureportal.coventry.ac.uk/en/persons/colby-glover']
['Marisa Godoy'],['https://pureportal.coventry.ac.uk/en/persons/marisa-godoy-dos-santos-ruegg']
['Bärbel Goebel Stolz'],['https://pureportal.coventry.ac.uk/en/persons/b%C3%A4rbel-goebel-stolz']
['Mira Balchandran Gokul'],['https://pureportal.coventry.ac.uk/en/persons/mira-balchandran-gokul']
['Daniel Goldsmith'],['https://pureportal.coventry.ac.uk/en/persons/daniel-goldsmith']
['Nick Golsby'],['https://pureportal.coventry.ac.uk/en/persons/nick-golsby']
['Gopal Gomathinayagam'],['https://pureportal.coventry.ac.uk/en/persons/gopal-gomathinaygam']
['Anya Goncalves Geiger'],['https://pureportal.coventry.ac.uk/en/persons/anya-goncalves-geiger']
['Ricardo Manuel Goncalves Martins'],['https://pureportal.coventry.ac.uk/en/persons/ricardo-manuel-goncalves-martins']
['Ramon Gonzalez-Mendez'],['https://pureportal.coventry.ac.uk/en/persons/ramon-gonzalez-mendez']
['Matthew Gonzalez-Noda'],['https://pureportal.coventry.ac.uk/en/persons/matthew-gonzalez-noda']
['Mark Goodwin'],['https://pureportal.coventry.ac.uk/en/persons/mark-goodwin']
['Sandy Goodyer'],['https://pureportal.coventry.ac.uk/en/persons/sandy-goodyer']
['Tom Gorman'],['https://pureportal.coventry.ac.uk/en/persons/tom-gorman']
['Nick Gorse'],['https://pureportal.coventry.ac.uk/en/persons/nick-gorse']
['claire Gough'],['https://pureportal.coventry.ac.uk/en/persons/claire-gough']
['Phillip Gould'],['https://pureportal.coventry.ac.uk/en/persons/phillip-gould']
['Sarah Gowling'],['https://pureportal.coventry.ac.uk/en/persons/sarah-gowling']
['Arpit Goyal'],['https://pureportal.coventry.ac.uk/en/persons/arpit-goyal']
['Luke Graham'],['https://pureportal.coventry.ac.uk/en/persons/luke-graham']
['Raymond Graham'],['https://pureportal.coventry.ac.uk/en/persons/raymond-graham']
['Benoit Granier'],['https://pureportal.coventry.ac.uk/en/persons/benoit-granier']
['Christine Grant'],['https://pureportal.coventry.ac.uk/en/persons/christine-grant']
['Rebecca Grant'],['https://pureportal.coventry.ac.uk/en/persons/rebecca-grant']
['Sam Grant'],['https://pureportal.coventry.ac.uk/en/persons/sam-grant']
['Costantino Grasso'],['https://pureportal.coventry.ac.uk/en/persons/costantino-grasso']
['Paolo Grasso'],['https://pureportal.coventry.ac.uk/en/persons/paolo-grasso']
['Andrei Claudiu Graur'],['https://pureportal.coventry.ac.uk/en/persons/andrei-claudiu-graur']
['John Graves'],['https://pureportal.coventry.ac.uk/en/persons/john-graves']
['Beate Grawemeyer'],['https://pureportal.coventry.ac.uk/en/persons/beate-grawemeyer']
['Alastair Gray'],['https://pureportal.coventry.ac.uk/en/persons/alastair-gray']
['Kate Gray'],['https://pureportal.coventry.ac.uk/en/persons/kate-gray']
['Stacie Gray'],['https://pureportal.coventry.ac.uk/en/persons/stacie-gray']
['Valeria Graziano'],['https://pureportal.coventry.ac.uk/en/persons/valeria-graziano']
['Brendan Greaney'],['https://pureportal.coventry.ac.uk/en/persons/brendan-greaney']
['Jennifer Greaves'],['https://pureportal.coventry.ac.uk/en/persons/jennifer-greaves']
['Phil Green'],['https://pureportal.coventry.ac.uk/en/persons/phil-green']
['Samantha Green'],['https://pureportal.coventry.ac.uk/en/persons/samantha-green']
['Gerard Greene'],['https://pureportal.coventry.ac.uk/en/persons/gerard-greene']
['Laura Greenway'],['https://pureportal.coventry.ac.uk/en/persons/laura-greenway']
['James Griffin'],['https://pureportal.coventry.ac.uk/en/persons/james-griffin-2']
['Peter Griffin'],['https://pureportal.coventry.ac.uk/en/persons/peter-griffin']
['Carole Griffiths'],['https://pureportal.coventry.ac.uk/en/persons/carole-griffiths']
['Paul Griffiths'],['https://pureportal.coventry.ac.uk/en/persons/paul-griffiths']
['John Grima'],['https://pureportal.coventry.ac.uk/en/persons/john-grima']
['Andy Grindrod'],['https://pureportal.coventry.ac.uk/en/persons/andy-grindrod']
['Bethan Grist'],['https://pureportal.coventry.ac.uk/en/persons/bethan-grist-2']
['Adrian Josue Guel Cortez'],['https://pureportal.coventry.ac.uk/en/persons/adrian-josue-guel-cortez']
['Lucas Guimaraes Ferreira'],['https://pureportal.coventry.ac.uk/en/persons/lucas-guimaraes-ferreira-2']
['Sanduni Gunaratne'],['https://pureportal.coventry.ac.uk/en/persons/sanduni-gunaratne']
['Shenal Rajintha Alexander Samarathunge Gunawardena'],['https://pureportal.coventry.ac.uk/en/persons/shenal-rajintha-alexander-samarathunge-gunawardena']
['Yilmaz Guney'],['https://pureportal.coventry.ac.uk/en/persons/yilmaz-guney']
['Joanne Gunning'],['https://pureportal.coventry.ac.uk/en/persons/joanne-gunning']
['Hua Guo'],['https://pureportal.coventry.ac.uk/en/persons/hua-guo']
['Jiaqi Guo'],['https://pureportal.coventry.ac.uk/en/persons/jiaqi-guo']
['Yue Guo'],['https://pureportal.coventry.ac.uk/en/persons/yue-guo']
['Katarzyna Gut'],['https://pureportal.coventry.ac.uk/en/persons/katarzyna-gut']
['Evans Gyasi'],['https://pureportal.coventry.ac.uk/en/persons/evans-gyasi']
['Olivier Haas'],['https://pureportal.coventry.ac.uk/en/persons/olivier-haas']
['Zsófia Hacsek'],['https://pureportal.coventry.ac.uk/en/persons/zs%C3%B3fia-hacsek']
['Saeid Hadidimoud'],['https://pureportal.coventry.ac.uk/en/persons/saeid-hadidi-moud']
['Stephen Hagen'],['https://pureportal.coventry.ac.uk/en/persons/stephen-hagen']
['Ahmadreza Hakiminejad'],['https://pureportal.coventry.ac.uk/en/persons/ahmadreza-hakiminejad']
['Alison Halford'],['https://pureportal.coventry.ac.uk/en/persons/alison-halford']
['Tony Halkyard'],['https://pureportal.coventry.ac.uk/en/persons/tony-halkyard']
['Gary Hall'],['https://pureportal.coventry.ac.uk/en/persons/gary-hall']
['Gemma Halliwell'],['https://pureportal.coventry.ac.uk/en/persons/gemma-halliwell-2']
['John Halloran'],['https://pureportal.coventry.ac.uk/en/persons/john-halloran']
['Faris Madi Hamdan Madi'],['https://pureportal.coventry.ac.uk/en/persons/faris-madi-hamdan-madi']
['Heliza Hami'],['https://pureportal.coventry.ac.uk/en/persons/heliza-hami']
['John Hammersley'],['https://pureportal.coventry.ac.uk/en/persons/john-hammersley']
['Jo Hankey'],['https://pureportal.coventry.ac.uk/en/persons/jo-hankey']
['Claire Hardie'],['https://pureportal.coventry.ac.uk/en/persons/claire-hardie']
['Michael Hardy'],['https://pureportal.coventry.ac.uk/en/persons/michael-hardy']
['Nikki Harkin'],['https://pureportal.coventry.ac.uk/en/persons/nikki-harkin']
['Beau Harris'],['https://pureportal.coventry.ac.uk/en/persons/beau-harris']
['Catherine Harris'],['https://pureportal.coventry.ac.uk/en/persons/catherine-harris']
['Don Harris'],['https://pureportal.coventry.ac.uk/en/persons/donald-harris']
['Geoffrey Harris'],['https://pureportal.coventry.ac.uk/en/persons/geoffrey-harris']
['Andrew Harrison'],['https://pureportal.coventry.ac.uk/en/persons/andrew-harrison']
['Peter Harrison'],['https://pureportal.coventry.ac.uk/en/persons/peter-harrison']
['Wayne Harrop'],['https://pureportal.coventry.ac.uk/en/persons/wayne-harrop']
['Elly Harrowell'],['https://pureportal.coventry.ac.uk/en/persons/elly-harrowell']
['James Hart'],['https://pureportal.coventry.ac.uk/en/persons/james-hart']
['Gemma Harvey'],['https://pureportal.coventry.ac.uk/en/persons/gemma-harvey']
['Jonathon Harvey'],['https://pureportal.coventry.ac.uk/en/persons/jonathon-harvey']
['Amy Harwood'],['https://pureportal.coventry.ac.uk/en/persons/amy-harwood']
['Luh Putu Suta Haryanthi'],['https://pureportal.coventry.ac.uk/en/persons/luh-putu-suta-haryanthi']
['Rashedul Hasan'],['https://pureportal.coventry.ac.uk/en/persons/rashedul-hasan']
['Ruaa Hasan'],['https://pureportal.coventry.ac.uk/en/persons/ruaa-hasan']
['Omar Hashmi'],['https://pureportal.coventry.ac.uk/en/persons/omar-hashmi']
['Eddie Jaami Hasri'],['https://pureportal.coventry.ac.uk/en/persons/eddie-jaami-hasri']
['Alex Hastie'],['https://pureportal.coventry.ac.uk/en/persons/alex-hastie']
['Catherine Helen Hastie'],['https://pureportal.coventry.ac.uk/en/persons/cathy-hastie']
['Tom Hatton'],['https://pureportal.coventry.ac.uk/en/persons/tom-hatton']
['Mary-Jane Hawkes'],['https://pureportal.coventry.ac.uk/en/persons/mary-jane-hawkes']
['Kathleen Hawkins'],['https://pureportal.coventry.ac.uk/en/persons/kathleen-hawkins']
['Qamar Hayat'],['https://pureportal.coventry.ac.uk/en/persons/qamar-hayat']
['Grace Haynes'],['https://pureportal.coventry.ac.uk/en/persons/grace-haynes']
['Chenyang He'],['https://pureportal.coventry.ac.uk/en/persons/chenyang-he']
['Fei He'],['https://pureportal.coventry.ac.uk/en/persons/fei-he']
['Qile He'],['https://pureportal.coventry.ac.uk/en/persons/qile-he']
['Philip Healy'],['https://pureportal.coventry.ac.uk/en/persons/philip-healy']
['Theresa Heering'],['https://pureportal.coventry.ac.uk/en/persons/theresa-heering']
['James Henry'],['https://pureportal.coventry.ac.uk/en/persons/james-henry']
['Manus Henry'],['https://pureportal.coventry.ac.uk/en/persons/manus-henry']
['Nick Henry'],['https://pureportal.coventry.ac.uk/en/persons/nick-henry']
['Anuradha Herath'],['https://pureportal.coventry.ac.uk/en/persons/anuradha-herath']
['Cristie Herbert'],['https://pureportal.coventry.ac.uk/en/persons/cristie-herbert']
['Kerrie Herbert'],['https://pureportal.coventry.ac.uk/en/persons/kerrie-herbert']
['Phillip Heritage'],['https://pureportal.coventry.ac.uk/en/persons/phillip-heritage']
['Simon Hewitt'],['https://pureportal.coventry.ac.uk/en/persons/simon-hewitt']
['Sebastian Hicks'],['https://pureportal.coventry.ac.uk/en/persons/sebastian-hicks']
['Natalie Hide'],['https://pureportal.coventry.ac.uk/en/persons/natalie-hide']
['Shaun Hides'],['https://pureportal.coventry.ac.uk/en/persons/shaun-hides']
['Kathleen Hill'],['https://pureportal.coventry.ac.uk/en/persons/kathleen-hill']
['Mathew Hill'],['https://pureportal.coventry.ac.uk/en/persons/mathew-hill']
['Charley Hill-Butler'],['https://pureportal.coventry.ac.uk/en/persons/charley-hill-butler']
['Angela Hilmi'],['https://pureportal.coventry.ac.uk/en/persons/angela-hilmi']
['Suzanne Hilton'],['https://pureportal.coventry.ac.uk/en/persons/suzanne-hilton']
['Diana Hintea'],['https://pureportal.coventry.ac.uk/en/persons/diana-hintea']
['Mehtap Hisarciklilar'],['https://pureportal.coventry.ac.uk/en/persons/mehtap-hisarciklilar']
['Christopher Hobbs'],['https://pureportal.coventry.ac.uk/en/persons/christopher-hobbs']
['Matthew Hocking'],['https://pureportal.coventry.ac.uk/en/persons/matthew-hocking']
['Mark Hodds'],['https://pureportal.coventry.ac.uk/en/persons/mark-hodds']
['Jason Hoepfl'],['https://pureportal.coventry.ac.uk/en/persons/jason-hoepfl']
['Paul Hogarth'],['https://pureportal.coventry.ac.uk/en/persons/paul-hogarth']
['Kelly Hogervorst'],['https://pureportal.coventry.ac.uk/en/persons/kelly-hogervorst']
['Stephen Holden'],['https://pureportal.coventry.ac.uk/en/persons/stephen-holden']
['Emma Holdsworth'],['https://pureportal.coventry.ac.uk/en/persons/emma-holdsworth']
['Jody Holland'],['https://pureportal.coventry.ac.uk/en/persons/jody-holland']
['Nikki Holliday'],['https://pureportal.coventry.ac.uk/en/persons/nikki-holliday']
['Peter Hollings'],['https://pureportal.coventry.ac.uk/en/persons/peter-hollings']
['Mark Holmes'],['https://pureportal.coventry.ac.uk/en/persons/mark-holmes']
['Sylwia Holmes'],['https://pureportal.coventry.ac.uk/en/persons/sylwia-holmes']
['Yurij Holovatch'],['https://pureportal.coventry.ac.uk/en/persons/yurij-holovatch']
['Ran Holtzman'],['https://pureportal.coventry.ac.uk/en/persons/ran-holtzman']
['Georgina Frances Homer'],['https://pureportal.coventry.ac.uk/en/persons/georgina-frances-homer']
['Yulian Ivan Mykhailo Honchar'],['https://pureportal.coventry.ac.uk/en/persons/yulian-ivan-mykhailo-honchar']
['Hannah Honeywill'],['https://pureportal.coventry.ac.uk/en/persons/hannah-honeywill']
['Evie Hong'],['https://pureportal.coventry.ac.uk/en/persons/evie-hong']
['Gareth Hooper'],['https://pureportal.coventry.ac.uk/en/persons/gareth-hooper']
['Dan Hopkins'],['https://pureportal.coventry.ac.uk/en/persons/dan-hopkins']
['Audrey Hopwood'],['https://pureportal.coventry.ac.uk/en/persons/audrey-hopwood']
['Susanne Horn'],['https://pureportal.coventry.ac.uk/en/persons/susanne-horn']
['Nadjim Horri'],['https://pureportal.coventry.ac.uk/en/persons/nadjim-horri']
['Simon Horsman'],['https://pureportal.coventry.ac.uk/en/persons/simon-horsman']
['Elizabeth Horton'],['https://pureportal.coventry.ac.uk/en/persons/elizabeth-horton']
['Edyah-Ariella Hosseini'],['https://pureportal.coventry.ac.uk/en/persons/edyah-ariella-hosseini']
['Mehdi Hosseini'],['https://pureportal.coventry.ac.uk/en/persons/mehdi-hosseini']
['Cherisse Hoyte'],['https://pureportal.coventry.ac.uk/en/persons/cherisse-hoyte']
['Dan Hu'],['https://pureportal.coventry.ac.uk/en/persons/dan-hu']
['Nazmul Huda'],['https://pureportal.coventry.ac.uk/en/persons/nazmul-huda']
['John Huddlestone'],['https://pureportal.coventry.ac.uk/en/persons/john-huddlestone']
['Hudri Hudri'],['https://pureportal.coventry.ac.uk/en/persons/hudri-hudri']
['Gemma Hunt'],['https://pureportal.coventry.ac.uk/en/persons/gemma-hunt']
['Karen Hunt'],['https://pureportal.coventry.ac.uk/en/persons/karen-hunt']
['Leanne Hunt'],['https://pureportal.coventry.ac.uk/en/persons/leanne-hunt']
['Rumana Huq'],['https://pureportal.coventry.ac.uk/en/persons/rumana-huq']
['Dilwar Hussain'],['https://pureportal.coventry.ac.uk/en/persons/dilwar-hussain']
['Sundas Hussain'],['https://pureportal.coventry.ac.uk/en/persons/sundas-hussain']
['Simon Huston'],['https://pureportal.coventry.ac.uk/en/persons/simon-huston']
['Shaun Hutchinson'],['https://pureportal.coventry.ac.uk/en/persons/shaun-hutchinson']
['Thanh Huynh'],['https://pureportal.coventry.ac.uk/en/persons/thanh-huynh']
['Eunju Hwang'],['https://pureportal.coventry.ac.uk/en/persons/eunju-bahrisch']
['Richard Hyde'],['https://pureportal.coventry.ac.uk/en/persons/richard-hyde-2']
['Susan Hyett'],['https://pureportal.coventry.ac.uk/en/persons/susan-hyett']
['Agha Ibiam'],['https://pureportal.coventry.ac.uk/en/persons/agha-ibiam']
['Masud Ibrahim'],['https://pureportal.coventry.ac.uk/en/persons/masud-ibrahim']
['Alexandru Iftode'],['https://pureportal.coventry.ac.uk/en/persons/alexandru-iftode']
['Petar Igic'],['https://pureportal.coventry.ac.uk/en/persons/petar-igic']
['Enzo Iglésis'],['https://pureportal.coventry.ac.uk/en/persons/enzo-igl%C3%A9sis']
['Simon Igo'],['https://pureportal.coventry.ac.uk/en/persons/simon-igo']
['Eze Ihua Maduenyi'],['https://pureportal.coventry.ac.uk/en/persons/eze-ihua-maduenyi']
['Monday Ikhide'],['https://pureportal.coventry.ac.uk/en/persons/monday-ikhide']
['Durukan Imrie-Kuzu'],['https://pureportal.coventry.ac.uk/en/persons/durukan-imrie-kuzu']
['Monica Ingber'],['https://pureportal.coventry.ac.uk/en/persons/monica-ingber']
['Charlie Ingram'],['https://pureportal.coventry.ac.uk/en/persons/charlie-ingram']
['Mauro Innocente'],['https://pureportal.coventry.ac.uk/en/persons/mauro-innocente']
['Hafza Iqbal'],['https://pureportal.coventry.ac.uk/en/persons/hafza-iqbal']
['Naveed Iqbal'],['https://pureportal.coventry.ac.uk/en/persons/naveed-iqbal']
['Rahat Iqbal'],['https://pureportal.coventry.ac.uk/en/persons/rahat-iqbal']
['Jane Irani'],['https://pureportal.coventry.ac.uk/en/persons/jane-irani']
['Bridget Irene'],['https://pureportal.coventry.ac.uk/en/persons/bridget-irene']
['Shahrukh Irfan'],['https://pureportal.coventry.ac.uk/en/persons/shahrukh-irfan']
['John Ironman'],['https://pureportal.coventry.ac.uk/en/persons/john-ironman']
['Paul Irving'],['https://pureportal.coventry.ac.uk/en/persons/paul-irving']
['Zilia Iskoujina'],['https://pureportal.coventry.ac.uk/en/persons/zilia-iskoujina']
['Didarul Islam'],['https://pureportal.coventry.ac.uk/en/persons/didarul-islam']
['Johirul Islam'],['https://pureportal.coventry.ac.uk/en/persons/johirul-islam']
['Md Rakibul Islam'],['https://pureportal.coventry.ac.uk/en/persons/md-rakibul-islam']
['Obiajulu Chukwudi Iweka'],['https://pureportal.coventry.ac.uk/en/persons/obiajulu-chukwudi-iweka-2']
['Draco Iyi'],['https://pureportal.coventry.ac.uk/en/persons/draco-iyi']
['Ann Jackson'],['https://pureportal.coventry.ac.uk/en/persons/ann-jackson']
['Nick Jackson'],['https://pureportal.coventry.ac.uk/en/persons/nick-jackson']
['Jaya Jacobo'],['https://pureportal.coventry.ac.uk/en/persons/jaya-jacobo']
['Hesamaldin Jadidbonab'],['https://pureportal.coventry.ac.uk/en/persons/hesamaldin-jadidbonab']
['Vahid Jafari-Sadeghi'],['https://pureportal.coventry.ac.uk/en/persons/vahid-jafari-sadeghi']
['Michaelina Jakala'],['https://pureportal.coventry.ac.uk/en/persons/michaelina-jakala']
['Djordje Jakovljevic'],['https://pureportal.coventry.ac.uk/en/persons/dorde-jakovljevic']
['Wissam Jamal'],['https://pureportal.coventry.ac.uk/en/persons/wissam-jamal']
['Dalrene Teresa Keerthika James'],['https://pureportal.coventry.ac.uk/en/persons/dalrene-teresa-keerthika-james']
['Leah James'],['https://pureportal.coventry.ac.uk/en/persons/leah-james']
['Rob James'],['https://pureportal.coventry.ac.uk/en/persons/rob-james']
['Lamis Jamil'],['https://pureportal.coventry.ac.uk/en/persons/lamis-jamil']
['Madeleine Janickyj'],['https://pureportal.coventry.ac.uk/en/persons/madeleine-janickyj']
['Vit Janik'],['https://pureportal.coventry.ac.uk/en/persons/vit-janik']
['Helen Elizabeth Janiszewski'],['https://pureportal.coventry.ac.uk/en/persons/helen-elizabeth-janiszewski']
['Donna Jarrett'],['https://pureportal.coventry.ac.uk/en/persons/donna-jarrett']
